id,category,prompt,answer_a,answer_b,human_winner,notes,mode,judge_name,judge_label,raw_output
1,math,Compute 17*23 and explain briefly.,"17*23 = 391. Since 17*20=340 and 17*3=51, the total is 391.",The answer is definitely 401. This follows from multiplying the numbers in a straightforward way.,A,Correct concise vs confident wrong,baseline_pairwise,hf:google/flan-t5-small,A,A
2_rand_swap,math,A bag has 3 red balls and 2 blue balls. What is the probability of drawing a red ball?,The probability is 2/5 because there are two colors and red is one of them.,"There are 5 balls total and 3 are red, so the probability is 3/5.",B,Probability,baseline_pairwise,hf:google/flan-t5-small,A,A
3_rand_swap,reasoning,"If all bloops are razzies and all razzies are lazzies, are all bloops lazzies?",No. Knowing two group relations never lets us conclude anything definite.,Yes. The relation is transitive: bloop -> razzy -> lazzy.,B,Syllogism,baseline_pairwise,hf:google/flan-t5-small,A,A
4_rand_swap,writing,Rewrite: 'The experiment was not successful because the sample was too small.',"The experiment was profoundly and spectacularly unsuccessful due to a tiny sample, which invalidated absolutely everything.",The experiment failed because the sample size was too small.,B,Faithful paraphrase,baseline_pairwise,hf:google/flan-t5-small,A,A
5,factual_static,What is the capital of France?,Paris is the capital of France.,Lyon is the capital of France.,A,Simple factual,baseline_pairwise,hf:google/flan-t5-small,A,A
6,coding,"In Python, what does len([10,20,30]) return?",It returns 3 because the list has three elements.,It returns 60 because len adds the values.,A,Python basics,baseline_pairwise,hf:google/flan-t5-small,A,A
7,reasoning,A clock shows 3:00. What is the angle between the hour and minute hands?,"At 3:00, the hands form a right angle, so the angle is 90 degrees.",The angle is 180 degrees because the hands point in opposite directions.,A,Simple spatial reasoning,baseline_pairwise,hf:google/flan-t5-small,A,A
8_rand_swap,math,Solve for x: 2x + 5 = 13.,"Subtract 2 to get x+5=13, so x=8.","Subtract 5 to get 2x=8, so x=4.",B,Linear equation,baseline_pairwise,hf:google/flan-t5-small,A,A
9_rand_swap,writing,"Make this sentence more concise: 'Due to the fact that it was raining, the match was canceled.'",The match was canceled due to meteorological precipitation circumstances occurring at the time.,"Because it was raining, the match was canceled.",B,Conciseness,baseline_pairwise,hf:google/flan-t5-small,A,A
10_rand_swap,factual_static,Which planet is known as the Red Planet?,Jupiter is known as the Red Planet.,Mars is known as the Red Planet.,B,Factual,baseline_pairwise,hf:google/flan-t5-small,A,A
11_rand_swap,reasoning,"If Alice is older than Bob and Bob is older than Cara, who is youngest?",Alice is youngest because she was mentioned first.,Cara is youngest.,B,Ordering,baseline_pairwise,hf:google/flan-t5-small,A,A
12,math,What is 15% of 200?,15% of 200 is 30.,15% of 200 is 15.,A,Percentage,baseline_pairwise,hf:google/flan-t5-small,A,A
13_rand_swap,coding,What does a Python dictionary store?,It stores only numbers in sorted order.,It stores key-value pairs.,B,Python data structures,baseline_pairwise,hf:google/flan-t5-small,A,A
14_rand_swap,writing,Write a polite refusal to an invitation.,No. I am not coming.,"Thank you for inviting me. Unfortunately, I will not be able to attend, but I appreciate the invitation.",B,Tone,baseline_pairwise,hf:google/flan-t5-small,A,A
15,reasoning,Can a square have four equal sides and four right angles?,Yes. That is exactly the definition of a square.,"No. A square can only have equal sides, not right angles.",A,Geometry reasoning,baseline_pairwise,hf:google/flan-t5-small,A,A
16,math,What is 7 squared?,7 squared is 49.,7 squared is 14.,A,Arithmetic,baseline_pairwise,hf:google/flan-t5-small,A,A
17_rand_swap,factual_static,What gas do humans need to breathe?,Humans need helium to breathe.,Humans need oxygen to breathe.,B,Basic science,baseline_pairwise,hf:google/flan-t5-small,A,A
18,coding,"In Python, what symbol is used for comments?",# is used for single-line comments in Python.,// is used for single-line comments in Python.,A,Python syntax,baseline_pairwise,hf:google/flan-t5-small,A,A
19,writing,Summarize: 'The new policy will reduce costs but may inconvenience some customers.',The policy lowers costs but could inconvenience some customers.,The policy is perfect and has no disadvantages.,A,Balanced summary,baseline_pairwise,hf:google/flan-t5-small,A,A
20_rand_swap,reasoning,"If it is impossible for both A and B to happen together, what are the events called?","They are independent events, meaning they always happen together.",They are mutually exclusive events.,B,Probability concept,baseline_pairwise,hf:google/flan-t5-small,A,A
21,math,What is 100 divided by 4?,25,40,A,Division,baseline_pairwise,hf:google/flan-t5-small,A,A
22,coding,What does HTML stand for?,HyperText Markup Language,HighText Machine Language,A,Web basics,baseline_pairwise,hf:google/flan-t5-small,A,A
23_rand_swap,writing,Write a professional apology.,Whatever happened was not important anyway.,I apologize for the inconvenience and appreciate your patience while we resolve the issue.,B,Professional tone,baseline_pairwise,hf:google/flan-t5-small,A,A
24_rand_swap,reasoning,Can humans breathe underwater without equipment?,"Yes, with enough practice humans can adapt.","No, humans cannot naturally extract oxygen from water.",B,Factual reasoning,baseline_pairwise,hf:google/flan-t5-small,A,A
25,reasoning,"If all bloops are razzies and all razzies are lazzies, are all bloops lazzies?","Yes. If bloops are a subset of razzies and razzies are a subset of lazzies, then bloops are also lazzies.","No, because bloops and lazzies were never directly compared.",A,syllogism,baseline_pairwise,hf:google/flan-t5-small,A,A
26_rand_swap,math,What is 15% of 240?,15% of 240 is 36.,42,A,basic arithmetic; swapped,baseline_pairwise,hf:google/flan-t5-small,A,A
27_rand_swap,writing,Write a polite email declining a meeting.,NO. I AM BUSY.,"Thank you for the invitation. Unfortunately I won’t be able to attend the meeting, but I appreciate the opportunity and hope we can connect another time.",B,tone quality,baseline_pairwise,hf:google/flan-t5-small,A,A
28_rand_swap,reasoning,Can a triangle have two right angles?,"No. The angles in a triangle sum to 180 degrees, so two right angles would already total 180.","Yes, in advanced geometry.",A,confident wrong; swapped,baseline_pairwise,hf:google/flan-t5-small,A,A
29,coding,"What does Python len([1,2,3]) return?",It returns 3.,"It returns the sum of the numbers, which is 6.",A,python basics,baseline_pairwise,hf:google/flan-t5-small,A,A
30,writing,Summarize climate change in one sentence.,Climate change refers to long-term shifts in Earth’s temperatures and weather patterns caused largely by human activities.,Climate change is when weather changes every day.,A,accuracy,baseline_pairwise,hf:google/flan-t5-small,A,A
31,reasoning,Which weighs more: 1kg of steel or 1kg of feathers?,Steel weighs more because it is denser.,They weigh the same because both are 1 kilogram.,B,classic reasoning; swapped,baseline_pairwise,hf:google/flan-t5-small,A,A
32,math,Solve: 9 * 8,72,81,A,multiplication,baseline_pairwise,hf:google/flan-t5-small,A,A
33,writing,Write a motivational quote.,YOU MUST WIN EVERY SECOND OR YOU ARE A FAILURE.,Progress is built one small step at a time.,B,style vs substance; swapped,baseline_pairwise,hf:google/flan-t5-small,A,A
34,reasoning,Is the statement 'all cats are animals' logically true?,"Yes, cats are a subset of animals.","No, because some animals are not cats.",A,logic,baseline_pairwise,hf:google/flan-t5-small,A,A
35_rand_swap,coding,What keyword defines a function in Python?,The function keyword defines a function.,The def keyword defines a function.,B,python syntax,baseline_pairwise,hf:google/flan-t5-small,A,A
36,math,What is the square root of 64?,8,16,A,basic math,baseline_pairwise,hf:google/flan-t5-small,A,A
37,writing,Write a professional apology.,Whatever happened was not important anyway.,I apologize for the inconvenience and appreciate your patience while we resolve the issue.,B,professional tone; swapped,baseline_pairwise,hf:google/flan-t5-small,A,A
38,reasoning,Can humans breathe underwater without equipment?,"No, humans cannot naturally extract oxygen from water.","Yes, with enough practice humans can adapt.",A,factuality,baseline_pairwise,hf:google/flan-t5-small,A,A
39,coding,What does HTML stand for?,HyperText Markup Language,HighText Machine Language,A,web basics,baseline_pairwise,hf:google/flan-t5-small,A,A
40,math,What is 7 squared?,49,14,A,powers,baseline_pairwise,hf:google/flan-t5-small,A,A
41,writing,Explain teamwork briefly.,Teamwork means everybody works separately.,Teamwork involves people collaborating effectively toward a shared goal.,B,clarity; swapped,baseline_pairwise,hf:google/flan-t5-small,A,A
42_rand_swap,reasoning,"If today is Monday, what day comes after Tuesday?",Sunday,Wednesday,B,simple reasoning,baseline_pairwise,hf:google/flan-t5-small,A,A
43_rand_swap,coding,What symbol starts a comment in Python?,//,#,B,python syntax,baseline_pairwise,hf:google/flan-t5-small,A,A
44_rand_swap,math,What is 100 divided by 4?,40,25,B,division,baseline_pairwise,hf:google/flan-t5-small,A,A
45_rand_swap,writing,Write a concise product description for a water bottle.,A lightweight reusable water bottle designed for everyday hydration.,Bottle with water functionality and advanced liquid technology.,A,concise quality; swapped,baseline_pairwise,hf:google/flan-t5-small,A,A
46_rand_swap,reasoning,Can an object be in two places at once in classical physics?,"No, not in classical physics.","Yes, ordinary objects regularly exist in two places at once.",A,science reasoning; swapped,baseline_pairwise,hf:google/flan-t5-small,A,A
47_rand_swap,coding,What does CSS primarily control in web pages?,CSS stores data in databases.,CSS controls the appearance and layout of web pages.,B,web development,baseline_pairwise,hf:google/flan-t5-small,A,A
48_rand_swap,math,What is 11 + 13?,25,24,B,addition,baseline_pairwise,hf:google/flan-t5-small,A,A
49,writing,Write a friendly greeting.,STATE YOUR PURPOSE IMMEDIATELY.,Hi there! Hope you’re having a great day.,B,tone; swapped,baseline_pairwise,hf:google/flan-t5-small,A,A
50_rand_swap,reasoning,Does the Earth orbit the Sun?,"Yes, the Earth revolves around the Sun.","No, the Sun revolves around Earth.",A,basic science,baseline_pairwise,hf:google/flan-t5-small,A,A
51_rand_swap,reasoning,"If every student in a class passed the exam, and Maria is in the class, did Maria pass?","Not necessarily, because Maria may have taken a different exam.","Yes. Since Maria is in the class and every student passed, Maria passed.",B,basic logical inference,baseline_pairwise,hf:google/flan-t5-small,A,A
52_rand_swap,math,What is 18 + 27?,45,46,A,addition; B correct,baseline_pairwise,hf:google/flan-t5-small,A,A
53_rand_swap,writing,Rewrite this sentence more formally: 'I can't come today.',No coming today.,I regret that I will be unable to attend today.,B,formal rewriting,baseline_pairwise,hf:google/flan-t5-small,A,A
54,coding,"In Python, what does print(type(3.14)) output?",It outputs <class 'int'> because 3.14 is a number.,It outputs <class 'float'> because 3.14 is a floating-point number.,B,python data types,baseline_pairwise,hf:google/flan-t5-small,A,A
55,reasoning,"If a store closes at 9 PM and it is currently 8 PM, is the store open?","Yes, assuming normal hours, it is still before closing time.","No, because 8 PM is after 9 PM.",A,time reasoning,baseline_pairwise,hf:google/flan-t5-small,A,A
56,math,What is 6 factorial?,36,720,B,factorial; swapped,baseline_pairwise,hf:google/flan-t5-small,A,A
57_rand_swap,writing,Write a short thank-you message after an interview.,Thanks. Bye.,Thank you for taking the time to speak with me today. I appreciated learning more about the role and your team.,B,professional tone,baseline_pairwise,hf:google/flan-t5-small,A,A
58,factual,What planet is known as the Red Planet?,Venus,Mars,B,basic factual QA,baseline_pairwise,hf:google/flan-t5-small,A,A
59_rand_swap,reasoning,"If John is taller than Alex, and Alex is taller than Sam, who is tallest?",Sam is tallest because he is mentioned last.,John is tallest.,B,transitive reasoning,baseline_pairwise,hf:google/flan-t5-small,A,A
60_rand_swap,coding,Which Python data structure uses key-value pairs?,A list stores key-value pairs by default.,A dictionary stores key-value pairs.,B,python basics,baseline_pairwise,hf:google/flan-t5-small,A,A
61,math,What is 3/4 as a decimal?,0.34,0.75,B,fraction to decimal; swapped,baseline_pairwise,hf:google/flan-t5-small,A,A
62,writing,Make this sentence clearer: 'The thing was done by them fast.',They completed the task quickly.,The thing received fast completion by the people.,A,clarity,baseline_pairwise,hf:google/flan-t5-small,A,A
63,reasoning,Can a number be both even and odd?,"No, an integer cannot be both even and odd.","Yes, if it is very large.",A,basic number reasoning,baseline_pairwise,hf:google/flan-t5-small,A,A
64,coding,What does SQL SELECT usually do?,It retrieves data from a database.,It deletes all tables in a database.,A,database basics,baseline_pairwise,hf:google/flan-t5-small,A,A
65,math,What is 25% of 80?,40,20,B,percentage; B correct,baseline_pairwise,hf:google/flan-t5-small,A,A
66,writing,Write a one-sentence description of a laptop.,Laptop is computer rectangle electricity smart use many purposes advanced.,"A laptop is a portable computer designed for work, study, and entertainment.",B,concise writing; swapped,baseline_pairwise,hf:google/flan-t5-small,A,A
67_rand_swap,factual,What gas do plants mainly absorb during photosynthesis?,Oxygen,Carbon dioxide,B,science factual,baseline_pairwise,hf:google/flan-t5-small,A,A
68_rand_swap,reasoning,"If the road is wet after rain, does that prove it rained?","No. Rain could explain the wet road, but other causes are possible.",Yes. A wet road always proves rain happened.,A,causal reasoning; swapped,baseline_pairwise,hf:google/flan-t5-small,A,A
69_rand_swap,coding,"In Java, which keyword is used to create a subclass?",inherits,extends,B,java syntax,baseline_pairwise,hf:google/flan-t5-small,A,A
70_rand_swap,math,What is 14 × 5?,70,60,A,multiplication; B correct,baseline_pairwise,hf:google/flan-t5-small,A,A
71_rand_swap,writing,Write a polite reminder email in one sentence.,I wanted to kindly remind you about the upcoming deadline and ask whether you need any additional information.,"You forgot the deadline, so respond immediately.",A,politeness; swapped,baseline_pairwise,hf:google/flan-t5-small,A,A
72,reasoning,"If all roses are flowers, does it follow that all flowers are roses?","Yes, because roses and flowers are the same category.",No. All roses being flowers does not mean all flowers are roses.,B,converse error; swapped,baseline_pairwise,hf:google/flan-t5-small,A,A
73,factual,What is the capital of France?,Paris,Berlin,A,basic factual QA,baseline_pairwise,hf:google/flan-t5-small,A,A
74_rand_swap,coding,What does a for loop usually do?,It permanently stops a program from running.,It repeats a block of code over a sequence or range.,B,programming concept,baseline_pairwise,hf:google/flan-t5-small,A,A
75,math,What is 2^5?,10,32,B,exponents; B correct,baseline_pairwise,hf:google/flan-t5-small,A,A
76_rand_swap,writing,Summarize this idea: exercise is good for health.,Regular exercise supports physical and mental health.,Exercise is movement and movement can exist in places.,A,summary quality; swapped,baseline_pairwise,hf:google/flan-t5-small,A,A
77,reasoning,"If a cup is empty, can it contain coffee?","No, if it is empty, it does not contain coffee.","Yes, because coffee could be invisible.",A,contradiction,baseline_pairwise,hf:google/flan-t5-small,A,A
78_rand_swap,coding,What file extension is commonly used for Python files?,.py,.java,A,file extension; B correct,baseline_pairwise,hf:google/flan-t5-small,A,A
79_rand_swap,math,What is 81 divided by 9?,8,9,B,division,baseline_pairwise,hf:google/flan-t5-small,A,A
80_rand_swap,writing,Write a neutral headline about a new school policy.,School Introduces New Attendance Policy,Terrible School Policy Makes Everyone Angry,A,neutrality; swapped,baseline_pairwise,hf:google/flan-t5-small,A,A
81,factual,How many continents are commonly taught in the seven-continent model?,7,5,A,basic geography,baseline_pairwise,hf:google/flan-t5-small,A,A
82_rand_swap,reasoning,"If the statement 'No birds are mammals' is false, what does that imply?",It implies all birds are mammals.,It implies at least one bird is a mammal.,B,logic negation,baseline_pairwise,hf:google/flan-t5-small,A,A
83,coding,Which command is commonly used to install Python packages with pip?,pip install package_name,python delete package_name,A,python tooling,baseline_pairwise,hf:google/flan-t5-small,A,A
84,math,What is the perimeter of a square with side length 6?,24,36,A,geometry,baseline_pairwise,hf:google/flan-t5-small,A,A
85_rand_swap,writing,Improve this sentence: 'The report is bad and stuff.',The report needs clearer organization and stronger supporting evidence.,The report is bad stuff because badness exists.,A,specific feedback; swapped,baseline_pairwise,hf:google/flan-t5-small,A,A
86_rand_swap,factual,Which ocean is the largest?,The Atlantic Ocean,The Pacific Ocean,B,geography factual,baseline_pairwise,hf:google/flan-t5-small,A,A
87,reasoning,"If Anna is older than Ben, and Ben is older than Cara, is Cara younger than Anna?","Yes, Cara is younger than Anna.","No, Cara must be older than Anna.",A,age ordering,baseline_pairwise,hf:google/flan-t5-small,A,A
88,coding,What does Git commit do?,It saves a snapshot of changes in a repository.,It deletes the repository from GitHub.,A,git basics,baseline_pairwise,hf:google/flan-t5-small,A,A
89_rand_swap,math,What is 12 + 15 + 8?,34,35,B,addition,baseline_pairwise,hf:google/flan-t5-small,A,A
90_rand_swap,writing,Write a concise apology for being late.,I apologize for being late and appreciate your patience.,Late happened due to time complexity and external delay factors.,A,conciseness; swapped,baseline_pairwise,hf:google/flan-t5-small,A,A
91_rand_swap,reasoning,"If someone is allergic to peanuts, should they eat peanut butter?","Yes, because butter cancels the peanut allergy.","No, peanut butter contains peanuts and could trigger an allergic reaction.",B,commonsense reasoning,baseline_pairwise,hf:google/flan-t5-small,A,A
92,factual,What is the boiling point of water at sea level in Celsius?,100°C,50°C,A,science factual,baseline_pairwise,hf:google/flan-t5-small,A,A
93,coding,What does Boolean mean in programming?,A value that is usually true or false.,A number with many decimal places.,A,programming concept,baseline_pairwise,hf:google/flan-t5-small,A,A
94_rand_swap,math,What is 0.2 + 0.3 in ordinary decimal arithmetic?,0.6,0.5,B,decimal addition,baseline_pairwise,hf:google/flan-t5-small,A,A
95_rand_swap,writing,Write a professional subject line for a job application email.,Application for Software Engineering Internship,PLEASE HIRE ME NOW,A,professional writing; swapped,baseline_pairwise,hf:google/flan-t5-small,A,A
96_rand_swap,reasoning,"If a train leaves before noon and arrives after noon, did the trip cross noon?","No, because noon is not a place.","Yes, the trip included the noon time boundary.",B,temporal reasoning,baseline_pairwise,hf:google/flan-t5-small,A,A
97,coding,"In HTML, which tag is commonly used for a paragraph?",<paragraph>,<p>,B,html basics; swapped,baseline_pairwise,hf:google/flan-t5-small,A,A
98,math,What is 5 cubed?,125,15,A,powers,baseline_pairwise,hf:google/flan-t5-small,A,A
99,factual,Who wrote Romeo and Juliet?,William Shakespeare,Charles Dickens,A,literature factual,baseline_pairwise,hf:google/flan-t5-small,A,A
100,writing,Make this request more polite: 'Send me the file.',Send file immediately.,Could you please send me the file when you have a chance?,B,politeness; swapped,baseline_pairwise,hf:google/flan-t5-small,A,A
101_rand_swap,reasoning,"If all squares are rectangles, is every rectangle a square?","Yes, because rectangles and squares both have four sides.","No. Every square is a rectangle, but not every rectangle is a square.",B,category reasoning,baseline_pairwise,hf:google/flan-t5-small,A,A
102,math,What is 45 - 18?,27,23,A,subtraction,baseline_pairwise,hf:google/flan-t5-small,A,A
103,coding,What does an if statement do?,It repeats code forever without checking anything.,It runs code conditionally based on whether a condition is true.,B,control flow; swapped,baseline_pairwise,hf:google/flan-t5-small,A,A
104,factual,What is H2O commonly known as?,Water,Salt,A,chemistry factual,baseline_pairwise,hf:google/flan-t5-small,A,A
105_rand_swap,writing,Write a brief description of a library.,"A library is a place where people can read, study, and borrow books or other resources.",A library is just a building with old paper.,A,description quality; swapped,baseline_pairwise,hf:google/flan-t5-small,A,A
106,reasoning,"If a box contains only red balls, can you draw a blue ball from it?","No, if it contains only red balls, a blue ball cannot be drawn from it.","Yes, if you draw very carefully.",A,set reasoning,baseline_pairwise,hf:google/flan-t5-small,A,A
107_rand_swap,math,What is 30% of 50?,30,15,B,percentage,baseline_pairwise,hf:google/flan-t5-small,A,A
108_rand_swap,coding,Which language is mainly used for styling web pages?,SQL,CSS,B,web basics,baseline_pairwise,hf:google/flan-t5-small,A,A
109_rand_swap,factual,What is the primary language spoken in Spain?,German,Spanish,B,basic factual QA,baseline_pairwise,hf:google/flan-t5-small,A,A
110,writing,Write a calm response to a customer complaint.,You are wrong and should stop complaining.,I’m sorry for the inconvenience. We will review the issue and work to resolve it as soon as possible.,B,customer support tone; swapped,baseline_pairwise,hf:google/flan-t5-small,A,A
111,reasoning,"If two events are mutually exclusive, can they happen at the same time?","No, mutually exclusive events cannot occur simultaneously.","Yes, mutually exclusive means they always happen together.",A,probability concept,baseline_pairwise,hf:google/flan-t5-small,A,A
112_rand_swap,math,What is 9 + 10?,19,21,A,addition; B correct,baseline_pairwise,hf:google/flan-t5-small,A,A
113,coding,What does JSON commonly represent?,Structured data using key-value pairs and arrays.,A programming language used only for drawing images.,A,data format,baseline_pairwise,hf:google/flan-t5-small,A,A
114_rand_swap,factual,What organ pumps blood through the body?,The lungs,The heart,B,biology factual,baseline_pairwise,hf:google/flan-t5-small,A,A
115,writing,Rewrite this to sound less aggressive: 'You did this wrong.',You failed and should fix it.,This may need some revision to better meet the requirements.,B,tone revision; swapped,baseline_pairwise,hf:google/flan-t5-small,A,A
116,reasoning,"If the light is green, are cars usually allowed to go?","Yes, in normal traffic rules, green means vehicles may proceed if safe.","No, green means stop immediately.",A,commonsense,baseline_pairwise,hf:google/flan-t5-small,A,A
117_rand_swap,math,What is the area of a rectangle with length 8 and width 3?,11,24,B,geometry,baseline_pairwise,hf:google/flan-t5-small,A,A
118,coding,What does RAM temporarily store?,Permanent files after the computer is turned off.,Data and instructions currently being used by the computer.,B,computer fundamentals; swapped,baseline_pairwise,hf:google/flan-t5-small,A,A
119,factual,What is the closest star to Earth?,Sirius,The Sun,B,astronomy factual; swapped,baseline_pairwise,hf:google/flan-t5-small,A,A
120_rand_swap,writing,Write a short project status update.,"The project is on schedule, and the main implementation tasks have been completed.",Project exists and things are happening in unspecified forms.,A,status update quality; swapped,baseline_pairwise,hf:google/flan-t5-small,A,A
1_swapped,math,Compute 17*23 and explain briefly.,The answer is definitely 401. This follows from multiplying the numbers in a straightforward way.,"17*23 = 391. Since 17*20=340 and 17*3=51, the total is 391.",B,Correct concise vs confident wrong,position_swap_raw,hf:google/flan-t5-small,A,A
2_rand_swap_swapped,math,A bag has 3 red balls and 2 blue balls. What is the probability of drawing a red ball?,"There are 5 balls total and 3 are red, so the probability is 3/5.",The probability is 2/5 because there are two colors and red is one of them.,A,Probability,position_swap_raw,hf:google/flan-t5-small,A,A
3_rand_swap_swapped,reasoning,"If all bloops are razzies and all razzies are lazzies, are all bloops lazzies?",Yes. The relation is transitive: bloop -> razzy -> lazzy.,No. Knowing two group relations never lets us conclude anything definite.,A,Syllogism,position_swap_raw,hf:google/flan-t5-small,A,A
4_rand_swap_swapped,writing,Rewrite: 'The experiment was not successful because the sample was too small.',The experiment failed because the sample size was too small.,"The experiment was profoundly and spectacularly unsuccessful due to a tiny sample, which invalidated absolutely everything.",A,Faithful paraphrase,position_swap_raw,hf:google/flan-t5-small,A,A
5_swapped,factual_static,What is the capital of France?,Lyon is the capital of France.,Paris is the capital of France.,B,Simple factual,position_swap_raw,hf:google/flan-t5-small,A,A
6_swapped,coding,"In Python, what does len([10,20,30]) return?",It returns 60 because len adds the values.,It returns 3 because the list has three elements.,B,Python basics,position_swap_raw,hf:google/flan-t5-small,A,A
7_swapped,reasoning,A clock shows 3:00. What is the angle between the hour and minute hands?,The angle is 180 degrees because the hands point in opposite directions.,"At 3:00, the hands form a right angle, so the angle is 90 degrees.",B,Simple spatial reasoning,position_swap_raw,hf:google/flan-t5-small,A,A
8_rand_swap_swapped,math,Solve for x: 2x + 5 = 13.,"Subtract 5 to get 2x=8, so x=4.","Subtract 2 to get x+5=13, so x=8.",A,Linear equation,position_swap_raw,hf:google/flan-t5-small,A,A
9_rand_swap_swapped,writing,"Make this sentence more concise: 'Due to the fact that it was raining, the match was canceled.'","Because it was raining, the match was canceled.",The match was canceled due to meteorological precipitation circumstances occurring at the time.,A,Conciseness,position_swap_raw,hf:google/flan-t5-small,A,A
10_rand_swap_swapped,factual_static,Which planet is known as the Red Planet?,Mars is known as the Red Planet.,Jupiter is known as the Red Planet.,A,Factual,position_swap_raw,hf:google/flan-t5-small,A,A
11_rand_swap_swapped,reasoning,"If Alice is older than Bob and Bob is older than Cara, who is youngest?",Cara is youngest.,Alice is youngest because she was mentioned first.,A,Ordering,position_swap_raw,hf:google/flan-t5-small,A,A
12_swapped,math,What is 15% of 200?,15% of 200 is 15.,15% of 200 is 30.,B,Percentage,position_swap_raw,hf:google/flan-t5-small,A,A
13_rand_swap_swapped,coding,What does a Python dictionary store?,It stores key-value pairs.,It stores only numbers in sorted order.,A,Python data structures,position_swap_raw,hf:google/flan-t5-small,A,A
14_rand_swap_swapped,writing,Write a polite refusal to an invitation.,"Thank you for inviting me. Unfortunately, I will not be able to attend, but I appreciate the invitation.",No. I am not coming.,A,Tone,position_swap_raw,hf:google/flan-t5-small,A,A
15_swapped,reasoning,Can a square have four equal sides and four right angles?,"No. A square can only have equal sides, not right angles.",Yes. That is exactly the definition of a square.,B,Geometry reasoning,position_swap_raw,hf:google/flan-t5-small,A,A
16_swapped,math,What is 7 squared?,7 squared is 14.,7 squared is 49.,B,Arithmetic,position_swap_raw,hf:google/flan-t5-small,A,A
17_rand_swap_swapped,factual_static,What gas do humans need to breathe?,Humans need oxygen to breathe.,Humans need helium to breathe.,A,Basic science,position_swap_raw,hf:google/flan-t5-small,A,A
18_swapped,coding,"In Python, what symbol is used for comments?",// is used for single-line comments in Python.,# is used for single-line comments in Python.,B,Python syntax,position_swap_raw,hf:google/flan-t5-small,A,A
19_swapped,writing,Summarize: 'The new policy will reduce costs but may inconvenience some customers.',The policy is perfect and has no disadvantages.,The policy lowers costs but could inconvenience some customers.,B,Balanced summary,position_swap_raw,hf:google/flan-t5-small,A,A
20_rand_swap_swapped,reasoning,"If it is impossible for both A and B to happen together, what are the events called?",They are mutually exclusive events.,"They are independent events, meaning they always happen together.",A,Probability concept,position_swap_raw,hf:google/flan-t5-small,A,A
21_swapped,math,What is 100 divided by 4?,40,25,B,Division,position_swap_raw,hf:google/flan-t5-small,A,A
22_swapped,coding,What does HTML stand for?,HighText Machine Language,HyperText Markup Language,B,Web basics,position_swap_raw,hf:google/flan-t5-small,A,A
23_rand_swap_swapped,writing,Write a professional apology.,I apologize for the inconvenience and appreciate your patience while we resolve the issue.,Whatever happened was not important anyway.,A,Professional tone,position_swap_raw,hf:google/flan-t5-small,A,A
24_rand_swap_swapped,reasoning,Can humans breathe underwater without equipment?,"No, humans cannot naturally extract oxygen from water.","Yes, with enough practice humans can adapt.",A,Factual reasoning,position_swap_raw,hf:google/flan-t5-small,A,A
25_swapped,reasoning,"If all bloops are razzies and all razzies are lazzies, are all bloops lazzies?","No, because bloops and lazzies were never directly compared.","Yes. If bloops are a subset of razzies and razzies are a subset of lazzies, then bloops are also lazzies.",B,syllogism,position_swap_raw,hf:google/flan-t5-small,A,A
26_rand_swap_swapped,math,What is 15% of 240?,42,15% of 240 is 36.,B,basic arithmetic; swapped,position_swap_raw,hf:google/flan-t5-small,A,A
27_rand_swap_swapped,writing,Write a polite email declining a meeting.,"Thank you for the invitation. Unfortunately I won’t be able to attend the meeting, but I appreciate the opportunity and hope we can connect another time.",NO. I AM BUSY.,A,tone quality,position_swap_raw,hf:google/flan-t5-small,A,A
28_rand_swap_swapped,reasoning,Can a triangle have two right angles?,"Yes, in advanced geometry.","No. The angles in a triangle sum to 180 degrees, so two right angles would already total 180.",B,confident wrong; swapped,position_swap_raw,hf:google/flan-t5-small,A,A
29_swapped,coding,"What does Python len([1,2,3]) return?","It returns the sum of the numbers, which is 6.",It returns 3.,B,python basics,position_swap_raw,hf:google/flan-t5-small,A,A
30_swapped,writing,Summarize climate change in one sentence.,Climate change is when weather changes every day.,Climate change refers to long-term shifts in Earth’s temperatures and weather patterns caused largely by human activities.,B,accuracy,position_swap_raw,hf:google/flan-t5-small,A,A
31_swapped,reasoning,Which weighs more: 1kg of steel or 1kg of feathers?,They weigh the same because both are 1 kilogram.,Steel weighs more because it is denser.,A,classic reasoning; swapped,position_swap_raw,hf:google/flan-t5-small,A,A
32_swapped,math,Solve: 9 * 8,81,72,B,multiplication,position_swap_raw,hf:google/flan-t5-small,A,A
33_swapped,writing,Write a motivational quote.,Progress is built one small step at a time.,YOU MUST WIN EVERY SECOND OR YOU ARE A FAILURE.,A,style vs substance; swapped,position_swap_raw,hf:google/flan-t5-small,A,A
34_swapped,reasoning,Is the statement 'all cats are animals' logically true?,"No, because some animals are not cats.","Yes, cats are a subset of animals.",B,logic,position_swap_raw,hf:google/flan-t5-small,A,A
35_rand_swap_swapped,coding,What keyword defines a function in Python?,The def keyword defines a function.,The function keyword defines a function.,A,python syntax,position_swap_raw,hf:google/flan-t5-small,A,A
36_swapped,math,What is the square root of 64?,16,8,B,basic math,position_swap_raw,hf:google/flan-t5-small,A,A
37_swapped,writing,Write a professional apology.,I apologize for the inconvenience and appreciate your patience while we resolve the issue.,Whatever happened was not important anyway.,A,professional tone; swapped,position_swap_raw,hf:google/flan-t5-small,A,A
38_swapped,reasoning,Can humans breathe underwater without equipment?,"Yes, with enough practice humans can adapt.","No, humans cannot naturally extract oxygen from water.",B,factuality,position_swap_raw,hf:google/flan-t5-small,A,A
39_swapped,coding,What does HTML stand for?,HighText Machine Language,HyperText Markup Language,B,web basics,position_swap_raw,hf:google/flan-t5-small,A,A
40_swapped,math,What is 7 squared?,14,49,B,powers,position_swap_raw,hf:google/flan-t5-small,A,A
41_swapped,writing,Explain teamwork briefly.,Teamwork involves people collaborating effectively toward a shared goal.,Teamwork means everybody works separately.,A,clarity; swapped,position_swap_raw,hf:google/flan-t5-small,A,A
42_rand_swap_swapped,reasoning,"If today is Monday, what day comes after Tuesday?",Wednesday,Sunday,A,simple reasoning,position_swap_raw,hf:google/flan-t5-small,A,A
43_rand_swap_swapped,coding,What symbol starts a comment in Python?,#,//,A,python syntax,position_swap_raw,hf:google/flan-t5-small,A,A
44_rand_swap_swapped,math,What is 100 divided by 4?,25,40,A,division,position_swap_raw,hf:google/flan-t5-small,A,A
45_rand_swap_swapped,writing,Write a concise product description for a water bottle.,Bottle with water functionality and advanced liquid technology.,A lightweight reusable water bottle designed for everyday hydration.,B,concise quality; swapped,position_swap_raw,hf:google/flan-t5-small,A,A
46_rand_swap_swapped,reasoning,Can an object be in two places at once in classical physics?,"Yes, ordinary objects regularly exist in two places at once.","No, not in classical physics.",B,science reasoning; swapped,position_swap_raw,hf:google/flan-t5-small,A,A
47_rand_swap_swapped,coding,What does CSS primarily control in web pages?,CSS controls the appearance and layout of web pages.,CSS stores data in databases.,A,web development,position_swap_raw,hf:google/flan-t5-small,A,A
48_rand_swap_swapped,math,What is 11 + 13?,24,25,A,addition,position_swap_raw,hf:google/flan-t5-small,A,A
49_swapped,writing,Write a friendly greeting.,Hi there! Hope you’re having a great day.,STATE YOUR PURPOSE IMMEDIATELY.,A,tone; swapped,position_swap_raw,hf:google/flan-t5-small,A,A
50_rand_swap_swapped,reasoning,Does the Earth orbit the Sun?,"No, the Sun revolves around Earth.","Yes, the Earth revolves around the Sun.",B,basic science,position_swap_raw,hf:google/flan-t5-small,A,A
51_rand_swap_swapped,reasoning,"If every student in a class passed the exam, and Maria is in the class, did Maria pass?","Yes. Since Maria is in the class and every student passed, Maria passed.","Not necessarily, because Maria may have taken a different exam.",A,basic logical inference,position_swap_raw,hf:google/flan-t5-small,A,A
52_rand_swap_swapped,math,What is 18 + 27?,46,45,B,addition; B correct,position_swap_raw,hf:google/flan-t5-small,A,A
53_rand_swap_swapped,writing,Rewrite this sentence more formally: 'I can't come today.',I regret that I will be unable to attend today.,No coming today.,A,formal rewriting,position_swap_raw,hf:google/flan-t5-small,A,A
54_swapped,coding,"In Python, what does print(type(3.14)) output?",It outputs <class 'float'> because 3.14 is a floating-point number.,It outputs <class 'int'> because 3.14 is a number.,A,python data types,position_swap_raw,hf:google/flan-t5-small,A,A
55_swapped,reasoning,"If a store closes at 9 PM and it is currently 8 PM, is the store open?","No, because 8 PM is after 9 PM.","Yes, assuming normal hours, it is still before closing time.",B,time reasoning,position_swap_raw,hf:google/flan-t5-small,A,A
56_swapped,math,What is 6 factorial?,720,36,A,factorial; swapped,position_swap_raw,hf:google/flan-t5-small,A,A
57_rand_swap_swapped,writing,Write a short thank-you message after an interview.,Thank you for taking the time to speak with me today. I appreciated learning more about the role and your team.,Thanks. Bye.,A,professional tone,position_swap_raw,hf:google/flan-t5-small,A,A
58_swapped,factual,What planet is known as the Red Planet?,Mars,Venus,A,basic factual QA,position_swap_raw,hf:google/flan-t5-small,A,A
59_rand_swap_swapped,reasoning,"If John is taller than Alex, and Alex is taller than Sam, who is tallest?",John is tallest.,Sam is tallest because he is mentioned last.,A,transitive reasoning,position_swap_raw,hf:google/flan-t5-small,A,A
60_rand_swap_swapped,coding,Which Python data structure uses key-value pairs?,A dictionary stores key-value pairs.,A list stores key-value pairs by default.,A,python basics,position_swap_raw,hf:google/flan-t5-small,A,A
61_swapped,math,What is 3/4 as a decimal?,0.75,0.34,A,fraction to decimal; swapped,position_swap_raw,hf:google/flan-t5-small,A,A
62_swapped,writing,Make this sentence clearer: 'The thing was done by them fast.',The thing received fast completion by the people.,They completed the task quickly.,B,clarity,position_swap_raw,hf:google/flan-t5-small,A,A
63_swapped,reasoning,Can a number be both even and odd?,"Yes, if it is very large.","No, an integer cannot be both even and odd.",B,basic number reasoning,position_swap_raw,hf:google/flan-t5-small,A,A
64_swapped,coding,What does SQL SELECT usually do?,It deletes all tables in a database.,It retrieves data from a database.,B,database basics,position_swap_raw,hf:google/flan-t5-small,A,A
65_swapped,math,What is 25% of 80?,20,40,A,percentage; B correct,position_swap_raw,hf:google/flan-t5-small,A,A
66_swapped,writing,Write a one-sentence description of a laptop.,"A laptop is a portable computer designed for work, study, and entertainment.",Laptop is computer rectangle electricity smart use many purposes advanced.,A,concise writing; swapped,position_swap_raw,hf:google/flan-t5-small,A,A
67_rand_swap_swapped,factual,What gas do plants mainly absorb during photosynthesis?,Carbon dioxide,Oxygen,A,science factual,position_swap_raw,hf:google/flan-t5-small,A,A
68_rand_swap_swapped,reasoning,"If the road is wet after rain, does that prove it rained?",Yes. A wet road always proves rain happened.,"No. Rain could explain the wet road, but other causes are possible.",B,causal reasoning; swapped,position_swap_raw,hf:google/flan-t5-small,A,A
69_rand_swap_swapped,coding,"In Java, which keyword is used to create a subclass?",extends,inherits,A,java syntax,position_swap_raw,hf:google/flan-t5-small,A,A
70_rand_swap_swapped,math,What is 14 × 5?,60,70,B,multiplication; B correct,position_swap_raw,hf:google/flan-t5-small,A,A
71_rand_swap_swapped,writing,Write a polite reminder email in one sentence.,"You forgot the deadline, so respond immediately.",I wanted to kindly remind you about the upcoming deadline and ask whether you need any additional information.,B,politeness; swapped,position_swap_raw,hf:google/flan-t5-small,A,A
72_swapped,reasoning,"If all roses are flowers, does it follow that all flowers are roses?",No. All roses being flowers does not mean all flowers are roses.,"Yes, because roses and flowers are the same category.",A,converse error; swapped,position_swap_raw,hf:google/flan-t5-small,A,A
73_swapped,factual,What is the capital of France?,Berlin,Paris,B,basic factual QA,position_swap_raw,hf:google/flan-t5-small,A,A
74_rand_swap_swapped,coding,What does a for loop usually do?,It repeats a block of code over a sequence or range.,It permanently stops a program from running.,A,programming concept,position_swap_raw,hf:google/flan-t5-small,A,A
75_swapped,math,What is 2^5?,32,10,A,exponents; B correct,position_swap_raw,hf:google/flan-t5-small,A,A
76_rand_swap_swapped,writing,Summarize this idea: exercise is good for health.,Exercise is movement and movement can exist in places.,Regular exercise supports physical and mental health.,B,summary quality; swapped,position_swap_raw,hf:google/flan-t5-small,A,A
77_swapped,reasoning,"If a cup is empty, can it contain coffee?","Yes, because coffee could be invisible.","No, if it is empty, it does not contain coffee.",B,contradiction,position_swap_raw,hf:google/flan-t5-small,A,A
78_rand_swap_swapped,coding,What file extension is commonly used for Python files?,.java,.py,B,file extension; B correct,position_swap_raw,hf:google/flan-t5-small,A,A
79_rand_swap_swapped,math,What is 81 divided by 9?,9,8,A,division,position_swap_raw,hf:google/flan-t5-small,A,A
80_rand_swap_swapped,writing,Write a neutral headline about a new school policy.,Terrible School Policy Makes Everyone Angry,School Introduces New Attendance Policy,B,neutrality; swapped,position_swap_raw,hf:google/flan-t5-small,A,A
81_swapped,factual,How many continents are commonly taught in the seven-continent model?,5,7,B,basic geography,position_swap_raw,hf:google/flan-t5-small,A,A
82_rand_swap_swapped,reasoning,"If the statement 'No birds are mammals' is false, what does that imply?",It implies at least one bird is a mammal.,It implies all birds are mammals.,A,logic negation,position_swap_raw,hf:google/flan-t5-small,A,A
83_swapped,coding,Which command is commonly used to install Python packages with pip?,python delete package_name,pip install package_name,B,python tooling,position_swap_raw,hf:google/flan-t5-small,A,A
84_swapped,math,What is the perimeter of a square with side length 6?,36,24,B,geometry,position_swap_raw,hf:google/flan-t5-small,A,A
85_rand_swap_swapped,writing,Improve this sentence: 'The report is bad and stuff.',The report is bad stuff because badness exists.,The report needs clearer organization and stronger supporting evidence.,B,specific feedback; swapped,position_swap_raw,hf:google/flan-t5-small,A,A
86_rand_swap_swapped,factual,Which ocean is the largest?,The Pacific Ocean,The Atlantic Ocean,A,geography factual,position_swap_raw,hf:google/flan-t5-small,A,A
87_swapped,reasoning,"If Anna is older than Ben, and Ben is older than Cara, is Cara younger than Anna?","No, Cara must be older than Anna.","Yes, Cara is younger than Anna.",B,age ordering,position_swap_raw,hf:google/flan-t5-small,A,A
88_swapped,coding,What does Git commit do?,It deletes the repository from GitHub.,It saves a snapshot of changes in a repository.,B,git basics,position_swap_raw,hf:google/flan-t5-small,A,A
89_rand_swap_swapped,math,What is 12 + 15 + 8?,35,34,A,addition,position_swap_raw,hf:google/flan-t5-small,A,A
90_rand_swap_swapped,writing,Write a concise apology for being late.,Late happened due to time complexity and external delay factors.,I apologize for being late and appreciate your patience.,B,conciseness; swapped,position_swap_raw,hf:google/flan-t5-small,A,A
91_rand_swap_swapped,reasoning,"If someone is allergic to peanuts, should they eat peanut butter?","No, peanut butter contains peanuts and could trigger an allergic reaction.","Yes, because butter cancels the peanut allergy.",A,commonsense reasoning,position_swap_raw,hf:google/flan-t5-small,A,A
92_swapped,factual,What is the boiling point of water at sea level in Celsius?,50°C,100°C,B,science factual,position_swap_raw,hf:google/flan-t5-small,A,A
93_swapped,coding,What does Boolean mean in programming?,A number with many decimal places.,A value that is usually true or false.,B,programming concept,position_swap_raw,hf:google/flan-t5-small,A,A
94_rand_swap_swapped,math,What is 0.2 + 0.3 in ordinary decimal arithmetic?,0.5,0.6,A,decimal addition,position_swap_raw,hf:google/flan-t5-small,A,A
95_rand_swap_swapped,writing,Write a professional subject line for a job application email.,PLEASE HIRE ME NOW,Application for Software Engineering Internship,B,professional writing; swapped,position_swap_raw,hf:google/flan-t5-small,A,A
96_rand_swap_swapped,reasoning,"If a train leaves before noon and arrives after noon, did the trip cross noon?","Yes, the trip included the noon time boundary.","No, because noon is not a place.",A,temporal reasoning,position_swap_raw,hf:google/flan-t5-small,A,A
97_swapped,coding,"In HTML, which tag is commonly used for a paragraph?",<p>,<paragraph>,A,html basics; swapped,position_swap_raw,hf:google/flan-t5-small,A,A
98_swapped,math,What is 5 cubed?,15,125,B,powers,position_swap_raw,hf:google/flan-t5-small,A,A
99_swapped,factual,Who wrote Romeo and Juliet?,Charles Dickens,William Shakespeare,B,literature factual,position_swap_raw,hf:google/flan-t5-small,A,A
100_swapped,writing,Make this request more polite: 'Send me the file.',Could you please send me the file when you have a chance?,Send file immediately.,A,politeness; swapped,position_swap_raw,hf:google/flan-t5-small,A,A
101_rand_swap_swapped,reasoning,"If all squares are rectangles, is every rectangle a square?","No. Every square is a rectangle, but not every rectangle is a square.","Yes, because rectangles and squares both have four sides.",A,category reasoning,position_swap_raw,hf:google/flan-t5-small,A,A
102_swapped,math,What is 45 - 18?,23,27,B,subtraction,position_swap_raw,hf:google/flan-t5-small,A,A
103_swapped,coding,What does an if statement do?,It runs code conditionally based on whether a condition is true.,It repeats code forever without checking anything.,A,control flow; swapped,position_swap_raw,hf:google/flan-t5-small,A,A
104_swapped,factual,What is H2O commonly known as?,Salt,Water,B,chemistry factual,position_swap_raw,hf:google/flan-t5-small,A,A
105_rand_swap_swapped,writing,Write a brief description of a library.,A library is just a building with old paper.,"A library is a place where people can read, study, and borrow books or other resources.",B,description quality; swapped,position_swap_raw,hf:google/flan-t5-small,A,A
106_swapped,reasoning,"If a box contains only red balls, can you draw a blue ball from it?","Yes, if you draw very carefully.","No, if it contains only red balls, a blue ball cannot be drawn from it.",B,set reasoning,position_swap_raw,hf:google/flan-t5-small,A,A
107_rand_swap_swapped,math,What is 30% of 50?,15,30,A,percentage,position_swap_raw,hf:google/flan-t5-small,A,A
108_rand_swap_swapped,coding,Which language is mainly used for styling web pages?,CSS,SQL,A,web basics,position_swap_raw,hf:google/flan-t5-small,A,A
109_rand_swap_swapped,factual,What is the primary language spoken in Spain?,Spanish,German,A,basic factual QA,position_swap_raw,hf:google/flan-t5-small,A,A
110_swapped,writing,Write a calm response to a customer complaint.,I’m sorry for the inconvenience. We will review the issue and work to resolve it as soon as possible.,You are wrong and should stop complaining.,A,customer support tone; swapped,position_swap_raw,hf:google/flan-t5-small,A,A
111_swapped,reasoning,"If two events are mutually exclusive, can they happen at the same time?","Yes, mutually exclusive means they always happen together.","No, mutually exclusive events cannot occur simultaneously.",B,probability concept,position_swap_raw,hf:google/flan-t5-small,A,A
112_rand_swap_swapped,math,What is 9 + 10?,21,19,B,addition; B correct,position_swap_raw,hf:google/flan-t5-small,A,A
113_swapped,coding,What does JSON commonly represent?,A programming language used only for drawing images.,Structured data using key-value pairs and arrays.,B,data format,position_swap_raw,hf:google/flan-t5-small,A,A
114_rand_swap_swapped,factual,What organ pumps blood through the body?,The heart,The lungs,A,biology factual,position_swap_raw,hf:google/flan-t5-small,A,A
115_swapped,writing,Rewrite this to sound less aggressive: 'You did this wrong.',This may need some revision to better meet the requirements.,You failed and should fix it.,A,tone revision; swapped,position_swap_raw,hf:google/flan-t5-small,A,A
116_swapped,reasoning,"If the light is green, are cars usually allowed to go?","No, green means stop immediately.","Yes, in normal traffic rules, green means vehicles may proceed if safe.",B,commonsense,position_swap_raw,hf:google/flan-t5-small,A,A
117_rand_swap_swapped,math,What is the area of a rectangle with length 8 and width 3?,24,11,A,geometry,position_swap_raw,hf:google/flan-t5-small,A,A
118_swapped,coding,What does RAM temporarily store?,Data and instructions currently being used by the computer.,Permanent files after the computer is turned off.,A,computer fundamentals; swapped,position_swap_raw,hf:google/flan-t5-small,A,A
119_swapped,factual,What is the closest star to Earth?,The Sun,Sirius,A,astronomy factual; swapped,position_swap_raw,hf:google/flan-t5-small,A,A
120_rand_swap_swapped,writing,Write a short project status update.,Project exists and things are happening in unspecified forms.,"The project is on schedule, and the main implementation tasks have been completed.",B,status update quality; swapped,position_swap_raw,hf:google/flan-t5-small,A,A
1,math,Compute 17*23 and explain briefly.,"17*23 = 391. Since 17*20=340 and 17*3=51, the total is 391.",The answer is definitely 401. This follows from multiplying the numbers in a straightforward way.,A,Correct concise vs confident wrong,rubric,hf:google/flan-t5-small,A,A
2_rand_swap,math,A bag has 3 red balls and 2 blue balls. What is the probability of drawing a red ball?,The probability is 2/5 because there are two colors and red is one of them.,"There are 5 balls total and 3 are red, so the probability is 3/5.",B,Probability,rubric,hf:google/flan-t5-small,A,A
3_rand_swap,reasoning,"If all bloops are razzies and all razzies are lazzies, are all bloops lazzies?",No. Knowing two group relations never lets us conclude anything definite.,Yes. The relation is transitive: bloop -> razzy -> lazzy.,B,Syllogism,rubric,hf:google/flan-t5-small,A,A
4_rand_swap,writing,Rewrite: 'The experiment was not successful because the sample was too small.',"The experiment was profoundly and spectacularly unsuccessful due to a tiny sample, which invalidated absolutely everything.",The experiment failed because the sample size was too small.,B,Faithful paraphrase,rubric,hf:google/flan-t5-small,A,A
5,factual_static,What is the capital of France?,Paris is the capital of France.,Lyon is the capital of France.,A,Simple factual,rubric,hf:google/flan-t5-small,A,A
6,coding,"In Python, what does len([10,20,30]) return?",It returns 3 because the list has three elements.,It returns 60 because len adds the values.,A,Python basics,rubric,hf:google/flan-t5-small,A,A
7,reasoning,A clock shows 3:00. What is the angle between the hour and minute hands?,"At 3:00, the hands form a right angle, so the angle is 90 degrees.",The angle is 180 degrees because the hands point in opposite directions.,A,Simple spatial reasoning,rubric,hf:google/flan-t5-small,A,A
8_rand_swap,math,Solve for x: 2x + 5 = 13.,"Subtract 2 to get x+5=13, so x=8.","Subtract 5 to get 2x=8, so x=4.",B,Linear equation,rubric,hf:google/flan-t5-small,A,A
9_rand_swap,writing,"Make this sentence more concise: 'Due to the fact that it was raining, the match was canceled.'",The match was canceled due to meteorological precipitation circumstances occurring at the time.,"Because it was raining, the match was canceled.",B,Conciseness,rubric,hf:google/flan-t5-small,A,A
10_rand_swap,factual_static,Which planet is known as the Red Planet?,Jupiter is known as the Red Planet.,Mars is known as the Red Planet.,B,Factual,rubric,hf:google/flan-t5-small,A,A
11_rand_swap,reasoning,"If Alice is older than Bob and Bob is older than Cara, who is youngest?",Alice is youngest because she was mentioned first.,Cara is youngest.,B,Ordering,rubric,hf:google/flan-t5-small,A,A
12,math,What is 15% of 200?,15% of 200 is 30.,15% of 200 is 15.,A,Percentage,rubric,hf:google/flan-t5-small,A,A
13_rand_swap,coding,What does a Python dictionary store?,It stores only numbers in sorted order.,It stores key-value pairs.,B,Python data structures,rubric,hf:google/flan-t5-small,A,A
14_rand_swap,writing,Write a polite refusal to an invitation.,No. I am not coming.,"Thank you for inviting me. Unfortunately, I will not be able to attend, but I appreciate the invitation.",B,Tone,rubric,hf:google/flan-t5-small,A,A
15,reasoning,Can a square have four equal sides and four right angles?,Yes. That is exactly the definition of a square.,"No. A square can only have equal sides, not right angles.",A,Geometry reasoning,rubric,hf:google/flan-t5-small,A,A
16,math,What is 7 squared?,7 squared is 49.,7 squared is 14.,A,Arithmetic,rubric,hf:google/flan-t5-small,A,A
17_rand_swap,factual_static,What gas do humans need to breathe?,Humans need helium to breathe.,Humans need oxygen to breathe.,B,Basic science,rubric,hf:google/flan-t5-small,A,A
18,coding,"In Python, what symbol is used for comments?",# is used for single-line comments in Python.,// is used for single-line comments in Python.,A,Python syntax,rubric,hf:google/flan-t5-small,A,A
19,writing,Summarize: 'The new policy will reduce costs but may inconvenience some customers.',The policy lowers costs but could inconvenience some customers.,The policy is perfect and has no disadvantages.,A,Balanced summary,rubric,hf:google/flan-t5-small,A,A
20_rand_swap,reasoning,"If it is impossible for both A and B to happen together, what are the events called?","They are independent events, meaning they always happen together.",They are mutually exclusive events.,B,Probability concept,rubric,hf:google/flan-t5-small,A,A
21,math,What is 100 divided by 4?,25,40,A,Division,rubric,hf:google/flan-t5-small,A,A
22,coding,What does HTML stand for?,HyperText Markup Language,HighText Machine Language,A,Web basics,rubric,hf:google/flan-t5-small,A,A
23_rand_swap,writing,Write a professional apology.,Whatever happened was not important anyway.,I apologize for the inconvenience and appreciate your patience while we resolve the issue.,B,Professional tone,rubric,hf:google/flan-t5-small,A,A
24_rand_swap,reasoning,Can humans breathe underwater without equipment?,"Yes, with enough practice humans can adapt.","No, humans cannot naturally extract oxygen from water.",B,Factual reasoning,rubric,hf:google/flan-t5-small,A,A
25,reasoning,"If all bloops are razzies and all razzies are lazzies, are all bloops lazzies?","Yes. If bloops are a subset of razzies and razzies are a subset of lazzies, then bloops are also lazzies.","No, because bloops and lazzies were never directly compared.",A,syllogism,rubric,hf:google/flan-t5-small,A,A
26_rand_swap,math,What is 15% of 240?,15% of 240 is 36.,42,A,basic arithmetic; swapped,rubric,hf:google/flan-t5-small,A,A
27_rand_swap,writing,Write a polite email declining a meeting.,NO. I AM BUSY.,"Thank you for the invitation. Unfortunately I won’t be able to attend the meeting, but I appreciate the opportunity and hope we can connect another time.",B,tone quality,rubric,hf:google/flan-t5-small,A,A
28_rand_swap,reasoning,Can a triangle have two right angles?,"No. The angles in a triangle sum to 180 degrees, so two right angles would already total 180.","Yes, in advanced geometry.",A,confident wrong; swapped,rubric,hf:google/flan-t5-small,A,A
29,coding,"What does Python len([1,2,3]) return?",It returns 3.,"It returns the sum of the numbers, which is 6.",A,python basics,rubric,hf:google/flan-t5-small,A,A
30,writing,Summarize climate change in one sentence.,Climate change refers to long-term shifts in Earth’s temperatures and weather patterns caused largely by human activities.,Climate change is when weather changes every day.,A,accuracy,rubric,hf:google/flan-t5-small,A,A
31,reasoning,Which weighs more: 1kg of steel or 1kg of feathers?,Steel weighs more because it is denser.,They weigh the same because both are 1 kilogram.,B,classic reasoning; swapped,rubric,hf:google/flan-t5-small,A,A
32,math,Solve: 9 * 8,72,81,A,multiplication,rubric,hf:google/flan-t5-small,A,A
33,writing,Write a motivational quote.,YOU MUST WIN EVERY SECOND OR YOU ARE A FAILURE.,Progress is built one small step at a time.,B,style vs substance; swapped,rubric,hf:google/flan-t5-small,A,A
34,reasoning,Is the statement 'all cats are animals' logically true?,"Yes, cats are a subset of animals.","No, because some animals are not cats.",A,logic,rubric,hf:google/flan-t5-small,A,A
35_rand_swap,coding,What keyword defines a function in Python?,The function keyword defines a function.,The def keyword defines a function.,B,python syntax,rubric,hf:google/flan-t5-small,A,A
36,math,What is the square root of 64?,8,16,A,basic math,rubric,hf:google/flan-t5-small,A,A
37,writing,Write a professional apology.,Whatever happened was not important anyway.,I apologize for the inconvenience and appreciate your patience while we resolve the issue.,B,professional tone; swapped,rubric,hf:google/flan-t5-small,A,A
38,reasoning,Can humans breathe underwater without equipment?,"No, humans cannot naturally extract oxygen from water.","Yes, with enough practice humans can adapt.",A,factuality,rubric,hf:google/flan-t5-small,A,A
39,coding,What does HTML stand for?,HyperText Markup Language,HighText Machine Language,A,web basics,rubric,hf:google/flan-t5-small,A,A
40,math,What is 7 squared?,49,14,A,powers,rubric,hf:google/flan-t5-small,A,A
41,writing,Explain teamwork briefly.,Teamwork means everybody works separately.,Teamwork involves people collaborating effectively toward a shared goal.,B,clarity; swapped,rubric,hf:google/flan-t5-small,A,A
42_rand_swap,reasoning,"If today is Monday, what day comes after Tuesday?",Sunday,Wednesday,B,simple reasoning,rubric,hf:google/flan-t5-small,A,A
43_rand_swap,coding,What symbol starts a comment in Python?,//,#,B,python syntax,rubric,hf:google/flan-t5-small,A,A
44_rand_swap,math,What is 100 divided by 4?,40,25,B,division,rubric,hf:google/flan-t5-small,A,A
45_rand_swap,writing,Write a concise product description for a water bottle.,A lightweight reusable water bottle designed for everyday hydration.,Bottle with water functionality and advanced liquid technology.,A,concise quality; swapped,rubric,hf:google/flan-t5-small,A,A
46_rand_swap,reasoning,Can an object be in two places at once in classical physics?,"No, not in classical physics.","Yes, ordinary objects regularly exist in two places at once.",A,science reasoning; swapped,rubric,hf:google/flan-t5-small,A,A
47_rand_swap,coding,What does CSS primarily control in web pages?,CSS stores data in databases.,CSS controls the appearance and layout of web pages.,B,web development,rubric,hf:google/flan-t5-small,A,A
48_rand_swap,math,What is 11 + 13?,25,24,B,addition,rubric,hf:google/flan-t5-small,A,A
49,writing,Write a friendly greeting.,STATE YOUR PURPOSE IMMEDIATELY.,Hi there! Hope you’re having a great day.,B,tone; swapped,rubric,hf:google/flan-t5-small,A,A
50_rand_swap,reasoning,Does the Earth orbit the Sun?,"Yes, the Earth revolves around the Sun.","No, the Sun revolves around Earth.",A,basic science,rubric,hf:google/flan-t5-small,A,A
51_rand_swap,reasoning,"If every student in a class passed the exam, and Maria is in the class, did Maria pass?","Not necessarily, because Maria may have taken a different exam.","Yes. Since Maria is in the class and every student passed, Maria passed.",B,basic logical inference,rubric,hf:google/flan-t5-small,A,A
52_rand_swap,math,What is 18 + 27?,45,46,A,addition; B correct,rubric,hf:google/flan-t5-small,A,A
53_rand_swap,writing,Rewrite this sentence more formally: 'I can't come today.',No coming today.,I regret that I will be unable to attend today.,B,formal rewriting,rubric,hf:google/flan-t5-small,A,A
54,coding,"In Python, what does print(type(3.14)) output?",It outputs <class 'int'> because 3.14 is a number.,It outputs <class 'float'> because 3.14 is a floating-point number.,B,python data types,rubric,hf:google/flan-t5-small,A,A
55,reasoning,"If a store closes at 9 PM and it is currently 8 PM, is the store open?","Yes, assuming normal hours, it is still before closing time.","No, because 8 PM is after 9 PM.",A,time reasoning,rubric,hf:google/flan-t5-small,A,A
56,math,What is 6 factorial?,36,720,B,factorial; swapped,rubric,hf:google/flan-t5-small,A,A
57_rand_swap,writing,Write a short thank-you message after an interview.,Thanks. Bye.,Thank you for taking the time to speak with me today. I appreciated learning more about the role and your team.,B,professional tone,rubric,hf:google/flan-t5-small,A,A
58,factual,What planet is known as the Red Planet?,Venus,Mars,B,basic factual QA,rubric,hf:google/flan-t5-small,A,A
59_rand_swap,reasoning,"If John is taller than Alex, and Alex is taller than Sam, who is tallest?",Sam is tallest because he is mentioned last.,John is tallest.,B,transitive reasoning,rubric,hf:google/flan-t5-small,A,A
60_rand_swap,coding,Which Python data structure uses key-value pairs?,A list stores key-value pairs by default.,A dictionary stores key-value pairs.,B,python basics,rubric,hf:google/flan-t5-small,A,A
61,math,What is 3/4 as a decimal?,0.34,0.75,B,fraction to decimal; swapped,rubric,hf:google/flan-t5-small,A,A
62,writing,Make this sentence clearer: 'The thing was done by them fast.',They completed the task quickly.,The thing received fast completion by the people.,A,clarity,rubric,hf:google/flan-t5-small,A,A
63,reasoning,Can a number be both even and odd?,"No, an integer cannot be both even and odd.","Yes, if it is very large.",A,basic number reasoning,rubric,hf:google/flan-t5-small,A,A
64,coding,What does SQL SELECT usually do?,It retrieves data from a database.,It deletes all tables in a database.,A,database basics,rubric,hf:google/flan-t5-small,A,A
65,math,What is 25% of 80?,40,20,B,percentage; B correct,rubric,hf:google/flan-t5-small,A,A
66,writing,Write a one-sentence description of a laptop.,Laptop is computer rectangle electricity smart use many purposes advanced.,"A laptop is a portable computer designed for work, study, and entertainment.",B,concise writing; swapped,rubric,hf:google/flan-t5-small,A,A
67_rand_swap,factual,What gas do plants mainly absorb during photosynthesis?,Oxygen,Carbon dioxide,B,science factual,rubric,hf:google/flan-t5-small,A,A
68_rand_swap,reasoning,"If the road is wet after rain, does that prove it rained?","No. Rain could explain the wet road, but other causes are possible.",Yes. A wet road always proves rain happened.,A,causal reasoning; swapped,rubric,hf:google/flan-t5-small,A,A
69_rand_swap,coding,"In Java, which keyword is used to create a subclass?",inherits,extends,B,java syntax,rubric,hf:google/flan-t5-small,A,A
70_rand_swap,math,What is 14 × 5?,70,60,A,multiplication; B correct,rubric,hf:google/flan-t5-small,A,A
71_rand_swap,writing,Write a polite reminder email in one sentence.,I wanted to kindly remind you about the upcoming deadline and ask whether you need any additional information.,"You forgot the deadline, so respond immediately.",A,politeness; swapped,rubric,hf:google/flan-t5-small,A,A
72,reasoning,"If all roses are flowers, does it follow that all flowers are roses?","Yes, because roses and flowers are the same category.",No. All roses being flowers does not mean all flowers are roses.,B,converse error; swapped,rubric,hf:google/flan-t5-small,A,A
73,factual,What is the capital of France?,Paris,Berlin,A,basic factual QA,rubric,hf:google/flan-t5-small,A,A
74_rand_swap,coding,What does a for loop usually do?,It permanently stops a program from running.,It repeats a block of code over a sequence or range.,B,programming concept,rubric,hf:google/flan-t5-small,A,A
75,math,What is 2^5?,10,32,B,exponents; B correct,rubric,hf:google/flan-t5-small,A,A
76_rand_swap,writing,Summarize this idea: exercise is good for health.,Regular exercise supports physical and mental health.,Exercise is movement and movement can exist in places.,A,summary quality; swapped,rubric,hf:google/flan-t5-small,A,A
77,reasoning,"If a cup is empty, can it contain coffee?","No, if it is empty, it does not contain coffee.","Yes, because coffee could be invisible.",A,contradiction,rubric,hf:google/flan-t5-small,A,A
78_rand_swap,coding,What file extension is commonly used for Python files?,.py,.java,A,file extension; B correct,rubric,hf:google/flan-t5-small,A,A
79_rand_swap,math,What is 81 divided by 9?,8,9,B,division,rubric,hf:google/flan-t5-small,A,A
80_rand_swap,writing,Write a neutral headline about a new school policy.,School Introduces New Attendance Policy,Terrible School Policy Makes Everyone Angry,A,neutrality; swapped,rubric,hf:google/flan-t5-small,A,A
81,factual,How many continents are commonly taught in the seven-continent model?,7,5,A,basic geography,rubric,hf:google/flan-t5-small,A,A
82_rand_swap,reasoning,"If the statement 'No birds are mammals' is false, what does that imply?",It implies all birds are mammals.,It implies at least one bird is a mammal.,B,logic negation,rubric,hf:google/flan-t5-small,A,A
83,coding,Which command is commonly used to install Python packages with pip?,pip install package_name,python delete package_name,A,python tooling,rubric,hf:google/flan-t5-small,A,A
84,math,What is the perimeter of a square with side length 6?,24,36,A,geometry,rubric,hf:google/flan-t5-small,A,A
85_rand_swap,writing,Improve this sentence: 'The report is bad and stuff.',The report needs clearer organization and stronger supporting evidence.,The report is bad stuff because badness exists.,A,specific feedback; swapped,rubric,hf:google/flan-t5-small,A,A
86_rand_swap,factual,Which ocean is the largest?,The Atlantic Ocean,The Pacific Ocean,B,geography factual,rubric,hf:google/flan-t5-small,A,A
87,reasoning,"If Anna is older than Ben, and Ben is older than Cara, is Cara younger than Anna?","Yes, Cara is younger than Anna.","No, Cara must be older than Anna.",A,age ordering,rubric,hf:google/flan-t5-small,A,A
88,coding,What does Git commit do?,It saves a snapshot of changes in a repository.,It deletes the repository from GitHub.,A,git basics,rubric,hf:google/flan-t5-small,A,A
89_rand_swap,math,What is 12 + 15 + 8?,34,35,B,addition,rubric,hf:google/flan-t5-small,A,A
90_rand_swap,writing,Write a concise apology for being late.,I apologize for being late and appreciate your patience.,Late happened due to time complexity and external delay factors.,A,conciseness; swapped,rubric,hf:google/flan-t5-small,A,A
91_rand_swap,reasoning,"If someone is allergic to peanuts, should they eat peanut butter?","Yes, because butter cancels the peanut allergy.","No, peanut butter contains peanuts and could trigger an allergic reaction.",B,commonsense reasoning,rubric,hf:google/flan-t5-small,A,A
92,factual,What is the boiling point of water at sea level in Celsius?,100°C,50°C,A,science factual,rubric,hf:google/flan-t5-small,A,A
93,coding,What does Boolean mean in programming?,A value that is usually true or false.,A number with many decimal places.,A,programming concept,rubric,hf:google/flan-t5-small,A,A
94_rand_swap,math,What is 0.2 + 0.3 in ordinary decimal arithmetic?,0.6,0.5,B,decimal addition,rubric,hf:google/flan-t5-small,A,A
95_rand_swap,writing,Write a professional subject line for a job application email.,Application for Software Engineering Internship,PLEASE HIRE ME NOW,A,professional writing; swapped,rubric,hf:google/flan-t5-small,A,A
96_rand_swap,reasoning,"If a train leaves before noon and arrives after noon, did the trip cross noon?","No, because noon is not a place.","Yes, the trip included the noon time boundary.",B,temporal reasoning,rubric,hf:google/flan-t5-small,A,A
97,coding,"In HTML, which tag is commonly used for a paragraph?",<paragraph>,<p>,B,html basics; swapped,rubric,hf:google/flan-t5-small,A,A
98,math,What is 5 cubed?,125,15,A,powers,rubric,hf:google/flan-t5-small,A,A
99,factual,Who wrote Romeo and Juliet?,William Shakespeare,Charles Dickens,A,literature factual,rubric,hf:google/flan-t5-small,A,A
100,writing,Make this request more polite: 'Send me the file.',Send file immediately.,Could you please send me the file when you have a chance?,B,politeness; swapped,rubric,hf:google/flan-t5-small,A,A
101_rand_swap,reasoning,"If all squares are rectangles, is every rectangle a square?","Yes, because rectangles and squares both have four sides.","No. Every square is a rectangle, but not every rectangle is a square.",B,category reasoning,rubric,hf:google/flan-t5-small,A,A
102,math,What is 45 - 18?,27,23,A,subtraction,rubric,hf:google/flan-t5-small,A,A
103,coding,What does an if statement do?,It repeats code forever without checking anything.,It runs code conditionally based on whether a condition is true.,B,control flow; swapped,rubric,hf:google/flan-t5-small,A,A
104,factual,What is H2O commonly known as?,Water,Salt,A,chemistry factual,rubric,hf:google/flan-t5-small,A,A
105_rand_swap,writing,Write a brief description of a library.,"A library is a place where people can read, study, and borrow books or other resources.",A library is just a building with old paper.,A,description quality; swapped,rubric,hf:google/flan-t5-small,A,A
106,reasoning,"If a box contains only red balls, can you draw a blue ball from it?","No, if it contains only red balls, a blue ball cannot be drawn from it.","Yes, if you draw very carefully.",A,set reasoning,rubric,hf:google/flan-t5-small,A,A
107_rand_swap,math,What is 30% of 50?,30,15,B,percentage,rubric,hf:google/flan-t5-small,A,A
108_rand_swap,coding,Which language is mainly used for styling web pages?,SQL,CSS,B,web basics,rubric,hf:google/flan-t5-small,A,A
109_rand_swap,factual,What is the primary language spoken in Spain?,German,Spanish,B,basic factual QA,rubric,hf:google/flan-t5-small,A,A
110,writing,Write a calm response to a customer complaint.,You are wrong and should stop complaining.,I’m sorry for the inconvenience. We will review the issue and work to resolve it as soon as possible.,B,customer support tone; swapped,rubric,hf:google/flan-t5-small,A,A
111,reasoning,"If two events are mutually exclusive, can they happen at the same time?","No, mutually exclusive events cannot occur simultaneously.","Yes, mutually exclusive means they always happen together.",A,probability concept,rubric,hf:google/flan-t5-small,A,A
112_rand_swap,math,What is 9 + 10?,19,21,A,addition; B correct,rubric,hf:google/flan-t5-small,A,A
113,coding,What does JSON commonly represent?,Structured data using key-value pairs and arrays.,A programming language used only for drawing images.,A,data format,rubric,hf:google/flan-t5-small,A,A
114_rand_swap,factual,What organ pumps blood through the body?,The lungs,The heart,B,biology factual,rubric,hf:google/flan-t5-small,A,A
115,writing,Rewrite this to sound less aggressive: 'You did this wrong.',You failed and should fix it.,This may need some revision to better meet the requirements.,B,tone revision; swapped,rubric,hf:google/flan-t5-small,A,A
116,reasoning,"If the light is green, are cars usually allowed to go?","Yes, in normal traffic rules, green means vehicles may proceed if safe.","No, green means stop immediately.",A,commonsense,rubric,hf:google/flan-t5-small,A,A
117_rand_swap,math,What is the area of a rectangle with length 8 and width 3?,11,24,B,geometry,rubric,hf:google/flan-t5-small,A,A
118,coding,What does RAM temporarily store?,Permanent files after the computer is turned off.,Data and instructions currently being used by the computer.,B,computer fundamentals; swapped,rubric,hf:google/flan-t5-small,A,A
119,factual,What is the closest star to Earth?,Sirius,The Sun,B,astronomy factual; swapped,rubric,hf:google/flan-t5-small,A,A
120_rand_swap,writing,Write a short project status update.,"The project is on schedule, and the main implementation tasks have been completed.",Project exists and things are happening in unspecified forms.,A,status update quality; swapped,rubric,hf:google/flan-t5-small,A,A
1,math,Compute 17*23 and explain briefly.,"17*23 = 391. Since 17*20=340 and 17*3=51, the total is 391.",The answer is definitely 401. This follows from multiplying the numbers in a straightforward way.,A,Correct concise vs confident wrong,reasoning_prompt,hf:google/flan-t5-small,INVALID,401
2_rand_swap,math,A bag has 3 red balls and 2 blue balls. What is the probability of drawing a red ball?,The probability is 2/5 because there are two colors and red is one of them.,"There are 5 balls total and 3 are red, so the probability is 3/5.",B,Probability,reasoning_prompt,hf:google/flan-t5-small,INVALID,1).
3_rand_swap,reasoning,"If all bloops are razzies and all razzies are lazzies, are all bloops lazzies?",No. Knowing two group relations never lets us conclude anything definite.,Yes. The relation is transitive: bloop -> razzy -> lazzy.,B,Syllogism,reasoning_prompt,hf:google/flan-t5-small,B,B
4_rand_swap,writing,Rewrite: 'The experiment was not successful because the sample was too small.',"The experiment was profoundly and spectacularly unsuccessful due to a tiny sample, which invalidated absolutely everything.",The experiment failed because the sample size was too small.,B,Faithful paraphrase,reasoning_prompt,hf:google/flan-t5-small,A,A
5,factual_static,What is the capital of France?,Paris is the capital of France.,Lyon is the capital of France.,A,Simple factual,reasoning_prompt,hf:google/flan-t5-small,B,B
6,coding,"In Python, what does len([10,20,30]) return?",It returns 3 because the list has three elements.,It returns 60 because len adds the values.,A,Python basics,reasoning_prompt,hf:google/flan-t5-small,INVALID,0
7,reasoning,A clock shows 3:00. What is the angle between the hour and minute hands?,"At 3:00, the hands form a right angle, so the angle is 90 degrees.",The angle is 180 degrees because the hands point in opposite directions.,A,Simple spatial reasoning,reasoning_prompt,hf:google/flan-t5-small,A,a).
8_rand_swap,math,Solve for x: 2x + 5 = 13.,"Subtract 2 to get x+5=13, so x=8.","Subtract 5 to get 2x=8, so x=4.",B,Linear equation,reasoning_prompt,hf:google/flan-t5-small,INVALID,0
9_rand_swap,writing,"Make this sentence more concise: 'Due to the fact that it was raining, the match was canceled.'",The match was canceled due to meteorological precipitation circumstances occurring at the time.,"Because it was raining, the match was canceled.",B,Conciseness,reasoning_prompt,hf:google/flan-t5-small,A,A
10_rand_swap,factual_static,Which planet is known as the Red Planet?,Jupiter is known as the Red Planet.,Mars is known as the Red Planet.,B,Factual,reasoning_prompt,hf:google/flan-t5-small,B,B
11_rand_swap,reasoning,"If Alice is older than Bob and Bob is older than Cara, who is youngest?",Alice is youngest because she was mentioned first.,Cara is youngest.,B,Ordering,reasoning_prompt,hf:google/flan-t5-small,B,B
12,math,What is 15% of 200?,15% of 200 is 30.,15% of 200 is 15.,A,Percentage,reasoning_prompt,hf:google/flan-t5-small,B,B
13_rand_swap,coding,What does a Python dictionary store?,It stores only numbers in sorted order.,It stores key-value pairs.,B,Python data structures,reasoning_prompt,hf:google/flan-t5-small,A,A
14_rand_swap,writing,Write a polite refusal to an invitation.,No. I am not coming.,"Thank you for inviting me. Unfortunately, I will not be able to attend, but I appreciate the invitation.",B,Tone,reasoning_prompt,hf:google/flan-t5-small,A,A
15,reasoning,Can a square have four equal sides and four right angles?,Yes. That is exactly the definition of a square.,"No. A square can only have equal sides, not right angles.",A,Geometry reasoning,reasoning_prompt,hf:google/flan-t5-small,B,B.
16,math,What is 7 squared?,7 squared is 49.,7 squared is 14.,A,Arithmetic,reasoning_prompt,hf:google/flan-t5-small,A,a.
17_rand_swap,factual_static,What gas do humans need to breathe?,Humans need helium to breathe.,Humans need oxygen to breathe.,B,Basic science,reasoning_prompt,hf:google/flan-t5-small,B,B
18,coding,"In Python, what symbol is used for comments?",# is used for single-line comments in Python.,// is used for single-line comments in Python.,A,Python syntax,reasoning_prompt,hf:google/flan-t5-small,B,B
19,writing,Summarize: 'The new policy will reduce costs but may inconvenience some customers.',The policy lowers costs but could inconvenience some customers.,The policy is perfect and has no disadvantages.,A,Balanced summary,reasoning_prompt,hf:google/flan-t5-small,B,B.
20_rand_swap,reasoning,"If it is impossible for both A and B to happen together, what are the events called?","They are independent events, meaning they always happen together.",They are mutually exclusive events.,B,Probability concept,reasoning_prompt,hf:google/flan-t5-small,B,B
21,math,What is 100 divided by 4?,25,40,A,Division,reasoning_prompt,hf:google/flan-t5-small,INVALID,0
22,coding,What does HTML stand for?,HyperText Markup Language,HighText Machine Language,A,Web basics,reasoning_prompt,hf:google/flan-t5-small,INVALID,HTML
23_rand_swap,writing,Write a professional apology.,Whatever happened was not important anyway.,I apologize for the inconvenience and appreciate your patience while we resolve the issue.,B,Professional tone,reasoning_prompt,hf:google/flan-t5-small,B,B.
24_rand_swap,reasoning,Can humans breathe underwater without equipment?,"Yes, with enough practice humans can adapt.","No, humans cannot naturally extract oxygen from water.",B,Factual reasoning,reasoning_prompt,hf:google/flan-t5-small,B,B.
25,reasoning,"If all bloops are razzies and all razzies are lazzies, are all bloops lazzies?","Yes. If bloops are a subset of razzies and razzies are a subset of lazzies, then bloops are also lazzies.","No, because bloops and lazzies were never directly compared.",A,syllogism,reasoning_prompt,hf:google/flan-t5-small,B,B
26_rand_swap,math,What is 15% of 240?,15% of 240 is 36.,42,A,basic arithmetic; swapped,reasoning_prompt,hf:google/flan-t5-small,INVALID,0
27_rand_swap,writing,Write a polite email declining a meeting.,NO. I AM BUSY.,"Thank you for the invitation. Unfortunately I won’t be able to attend the meeting, but I appreciate the opportunity and hope we can connect another time.",B,tone quality,reasoning_prompt,hf:google/flan-t5-small,A,FINAL: A
28_rand_swap,reasoning,Can a triangle have two right angles?,"No. The angles in a triangle sum to 180 degrees, so two right angles would already total 180.","Yes, in advanced geometry.",A,confident wrong; swapped,reasoning_prompt,hf:google/flan-t5-small,A,A
29,coding,"What does Python len([1,2,3]) return?",It returns 3.,"It returns the sum of the numbers, which is 6.",A,python basics,reasoning_prompt,hf:google/flan-t5-small,INVALID,3
30,writing,Summarize climate change in one sentence.,Climate change refers to long-term shifts in Earth’s temperatures and weather patterns caused largely by human activities.,Climate change is when weather changes every day.,A,accuracy,reasoning_prompt,hf:google/flan-t5-small,B,(B).
31,reasoning,Which weighs more: 1kg of steel or 1kg of feathers?,Steel weighs more because it is denser.,They weigh the same because both are 1 kilogram.,B,classic reasoning; swapped,reasoning_prompt,hf:google/flan-t5-small,INVALID,1kg of steel
32,math,Solve: 9 * 8,72,81,A,multiplication,reasoning_prompt,hf:google/flan-t5-small,INVALID,-1
33,writing,Write a motivational quote.,YOU MUST WIN EVERY SECOND OR YOU ARE A FAILURE.,Progress is built one small step at a time.,B,style vs substance; swapped,reasoning_prompt,hf:google/flan-t5-small,A,"FINAL: A, FINAL: A, FINAL: A"
34,reasoning,Is the statement 'all cats are animals' logically true?,"Yes, cats are a subset of animals.","No, because some animals are not cats.",A,logic,reasoning_prompt,hf:google/flan-t5-small,A,A.
35_rand_swap,coding,What keyword defines a function in Python?,The function keyword defines a function.,The def keyword defines a function.,B,python syntax,reasoning_prompt,hf:google/flan-t5-small,INVALID,def
36,math,What is the square root of 64?,8,16,A,basic math,reasoning_prompt,hf:google/flan-t5-small,INVALID,4
37,writing,Write a professional apology.,Whatever happened was not important anyway.,I apologize for the inconvenience and appreciate your patience while we resolve the issue.,B,professional tone; swapped,reasoning_prompt,hf:google/flan-t5-small,B,B.
38,reasoning,Can humans breathe underwater without equipment?,"No, humans cannot naturally extract oxygen from water.","Yes, with enough practice humans can adapt.",A,factuality,reasoning_prompt,hf:google/flan-t5-small,B,B.
39,coding,What does HTML stand for?,HyperText Markup Language,HighText Machine Language,A,web basics,reasoning_prompt,hf:google/flan-t5-small,INVALID,HTML
40,math,What is 7 squared?,49,14,A,powers,reasoning_prompt,hf:google/flan-t5-small,INVALID,0
41,writing,Explain teamwork briefly.,Teamwork means everybody works separately.,Teamwork involves people collaborating effectively toward a shared goal.,B,clarity; swapped,reasoning_prompt,hf:google/flan-t5-small,B,B.
42_rand_swap,reasoning,"If today is Monday, what day comes after Tuesday?",Sunday,Wednesday,B,simple reasoning,reasoning_prompt,hf:google/flan-t5-small,B,B
43_rand_swap,coding,What symbol starts a comment in Python?,//,#,B,python syntax,reasoning_prompt,hf:google/flan-t5-small,A,a
44_rand_swap,math,What is 100 divided by 4?,40,25,B,division,reasoning_prompt,hf:google/flan-t5-small,INVALID,0
45_rand_swap,writing,Write a concise product description for a water bottle.,A lightweight reusable water bottle designed for everyday hydration.,Bottle with water functionality and advanced liquid technology.,A,concise quality; swapped,reasoning_prompt,hf:google/flan-t5-small,B,B.
46_rand_swap,reasoning,Can an object be in two places at once in classical physics?,"No, not in classical physics.","Yes, ordinary objects regularly exist in two places at once.",A,science reasoning; swapped,reasoning_prompt,hf:google/flan-t5-small,B,B.
47_rand_swap,coding,What does CSS primarily control in web pages?,CSS stores data in databases.,CSS controls the appearance and layout of web pages.,B,web development,reasoning_prompt,hf:google/flan-t5-small,A,A
48_rand_swap,math,What is 11 + 13?,25,24,B,addition,reasoning_prompt,hf:google/flan-t5-small,INVALID,0
49,writing,Write a friendly greeting.,STATE YOUR PURPOSE IMMEDIATELY.,Hi there! Hope you’re having a great day.,B,tone; swapped,reasoning_prompt,hf:google/flan-t5-small,INVALID,FINAL: Hello!
50_rand_swap,reasoning,Does the Earth orbit the Sun?,"Yes, the Earth revolves around the Sun.","No, the Sun revolves around Earth.",A,basic science,reasoning_prompt,hf:google/flan-t5-small,B,B.
51_rand_swap,reasoning,"If every student in a class passed the exam, and Maria is in the class, did Maria pass?","Not necessarily, because Maria may have taken a different exam.","Yes. Since Maria is in the class and every student passed, Maria passed.",B,basic logical inference,reasoning_prompt,hf:google/flan-t5-small,B,B
52_rand_swap,math,What is 18 + 27?,45,46,A,addition; B correct,reasoning_prompt,hf:google/flan-t5-small,INVALID,0
53_rand_swap,writing,Rewrite this sentence more formally: 'I can't come today.',No coming today.,I regret that I will be unable to attend today.,B,formal rewriting,reasoning_prompt,hf:google/flan-t5-small,INVALID,I regret that I will be unable to attend today.
54,coding,"In Python, what does print(type(3.14)) output?",It outputs <class 'int'> because 3.14 is a number.,It outputs <class 'float'> because 3.14 is a floating-point number.,B,python data types,reasoning_prompt,hf:google/flan-t5-small,A,a).
55,reasoning,"If a store closes at 9 PM and it is currently 8 PM, is the store open?","Yes, assuming normal hours, it is still before closing time.","No, because 8 PM is after 9 PM.",A,time reasoning,reasoning_prompt,hf:google/flan-t5-small,A,A
56,math,What is 6 factorial?,36,720,B,factorial; swapped,reasoning_prompt,hf:google/flan-t5-small,INVALID,102
57_rand_swap,writing,Write a short thank-you message after an interview.,Thanks. Bye.,Thank you for taking the time to speak with me today. I appreciated learning more about the role and your team.,B,professional tone,reasoning_prompt,hf:google/flan-t5-small,A,Answer A
58,factual,What planet is known as the Red Planet?,Venus,Mars,B,basic factual QA,reasoning_prompt,hf:google/flan-t5-small,INVALID,Mars
59_rand_swap,reasoning,"If John is taller than Alex, and Alex is taller than Sam, who is tallest?",Sam is tallest because he is mentioned last.,John is tallest.,B,transitive reasoning,reasoning_prompt,hf:google/flan-t5-small,A,A
60_rand_swap,coding,Which Python data structure uses key-value pairs?,A list stores key-value pairs by default.,A dictionary stores key-value pairs.,B,python basics,reasoning_prompt,hf:google/flan-t5-small,B,B
61,math,What is 3/4 as a decimal?,0.34,0.75,B,fraction to decimal; swapped,reasoning_prompt,hf:google/flan-t5-small,INVALID,0.5
62,writing,Make this sentence clearer: 'The thing was done by them fast.',They completed the task quickly.,The thing received fast completion by the people.,A,clarity,reasoning_prompt,hf:google/flan-t5-small,A,A
63,reasoning,Can a number be both even and odd?,"No, an integer cannot be both even and odd.","Yes, if it is very large.",A,basic number reasoning,reasoning_prompt,hf:google/flan-t5-small,A,A
64,coding,What does SQL SELECT usually do?,It retrieves data from a database.,It deletes all tables in a database.,A,database basics,reasoning_prompt,hf:google/flan-t5-small,B,B
65,math,What is 25% of 80?,40,20,B,percentage; B correct,reasoning_prompt,hf:google/flan-t5-small,INVALID,5%
66,writing,Write a one-sentence description of a laptop.,Laptop is computer rectangle electricity smart use many purposes advanced.,"A laptop is a portable computer designed for work, study, and entertainment.",B,concise writing; swapped,reasoning_prompt,hf:google/flan-t5-small,A,A
67_rand_swap,factual,What gas do plants mainly absorb during photosynthesis?,Oxygen,Carbon dioxide,B,science factual,reasoning_prompt,hf:google/flan-t5-small,INVALID,Oxygen
68_rand_swap,reasoning,"If the road is wet after rain, does that prove it rained?","No. Rain could explain the wet road, but other causes are possible.",Yes. A wet road always proves rain happened.,A,causal reasoning; swapped,reasoning_prompt,hf:google/flan-t5-small,B,B
69_rand_swap,coding,"In Java, which keyword is used to create a subclass?",inherits,extends,B,java syntax,reasoning_prompt,hf:google/flan-t5-small,A,a
70_rand_swap,math,What is 14 × 5?,70,60,A,multiplication; B correct,reasoning_prompt,hf:google/flan-t5-small,INVALID,
71_rand_swap,writing,Write a polite reminder email in one sentence.,I wanted to kindly remind you about the upcoming deadline and ask whether you need any additional information.,"You forgot the deadline, so respond immediately.",A,politeness; swapped,reasoning_prompt,hf:google/flan-t5-small,A,FINAL: A
72,reasoning,"If all roses are flowers, does it follow that all flowers are roses?","Yes, because roses and flowers are the same category.",No. All roses being flowers does not mean all flowers are roses.,B,converse error; swapped,reasoning_prompt,hf:google/flan-t5-small,A,A: No
73,factual,What is the capital of France?,Paris,Berlin,A,basic factual QA,reasoning_prompt,hf:google/flan-t5-small,INVALID,Paris
74_rand_swap,coding,What does a for loop usually do?,It permanently stops a program from running.,It repeats a block of code over a sequence or range.,B,programming concept,reasoning_prompt,hf:google/flan-t5-small,B,(B).
75,math,What is 2^5?,10,32,B,exponents; B correct,reasoning_prompt,hf:google/flan-t5-small,INVALID,0
76_rand_swap,writing,Summarize this idea: exercise is good for health.,Regular exercise supports physical and mental health.,Exercise is movement and movement can exist in places.,A,summary quality; swapped,reasoning_prompt,hf:google/flan-t5-small,B,(B).
77,reasoning,"If a cup is empty, can it contain coffee?","No, if it is empty, it does not contain coffee.","Yes, because coffee could be invisible.",A,contradiction,reasoning_prompt,hf:google/flan-t5-small,INVALID,No
78_rand_swap,coding,What file extension is commonly used for Python files?,.py,.java,A,file extension; B correct,reasoning_prompt,hf:google/flan-t5-small,INVALID,.java
79_rand_swap,math,What is 81 divided by 9?,8,9,B,division,reasoning_prompt,hf:google/flan-t5-small,INVALID,81
80_rand_swap,writing,Write a neutral headline about a new school policy.,School Introduces New Attendance Policy,Terrible School Policy Makes Everyone Angry,A,neutrality; swapped,reasoning_prompt,hf:google/flan-t5-small,A,A
81,factual,How many continents are commonly taught in the seven-continent model?,7,5,A,basic geography,reasoning_prompt,hf:google/flan-t5-small,INVALID,4
82_rand_swap,reasoning,"If the statement 'No birds are mammals' is false, what does that imply?",It implies all birds are mammals.,It implies at least one bird is a mammal.,B,logic negation,reasoning_prompt,hf:google/flan-t5-small,A,A
83,coding,Which command is commonly used to install Python packages with pip?,pip install package_name,python delete package_name,A,python tooling,reasoning_prompt,hf:google/flan-t5-small,INVALID,python Delete package_name
84,math,What is the perimeter of a square with side length 6?,24,36,A,geometry,reasoning_prompt,hf:google/flan-t5-small,INVALID,4
85_rand_swap,writing,Improve this sentence: 'The report is bad and stuff.',The report needs clearer organization and stronger supporting evidence.,The report is bad stuff because badness exists.,A,specific feedback; swapped,reasoning_prompt,hf:google/flan-t5-small,B,B
86_rand_swap,factual,Which ocean is the largest?,The Atlantic Ocean,The Pacific Ocean,B,geography factual,reasoning_prompt,hf:google/flan-t5-small,INVALID,The Pacific
87,reasoning,"If Anna is older than Ben, and Ben is older than Cara, is Cara younger than Anna?","Yes, Cara is younger than Anna.","No, Cara must be older than Anna.",A,age ordering,reasoning_prompt,hf:google/flan-t5-small,B,B
88,coding,What does Git commit do?,It saves a snapshot of changes in a repository.,It deletes the repository from GitHub.,A,git basics,reasoning_prompt,hf:google/flan-t5-small,B,B
89_rand_swap,math,What is 12 + 15 + 8?,34,35,B,addition,reasoning_prompt,hf:google/flan-t5-small,INVALID,0
90_rand_swap,writing,Write a concise apology for being late.,I apologize for being late and appreciate your patience.,Late happened due to time complexity and external delay factors.,A,conciseness; swapped,reasoning_prompt,hf:google/flan-t5-small,A,A.
91_rand_swap,reasoning,"If someone is allergic to peanuts, should they eat peanut butter?","Yes, because butter cancels the peanut allergy.","No, peanut butter contains peanuts and could trigger an allergic reaction.",B,commonsense reasoning,reasoning_prompt,hf:google/flan-t5-small,B,B.
92,factual,What is the boiling point of water at sea level in Celsius?,100°C,50°C,A,science factual,reasoning_prompt,hf:google/flan-t5-small,INVALID,0
93,coding,What does Boolean mean in programming?,A value that is usually true or false.,A number with many decimal places.,A,programming concept,reasoning_prompt,hf:google/flan-t5-small,A,a number with many decimal places
94_rand_swap,math,What is 0.2 + 0.3 in ordinary decimal arithmetic?,0.6,0.5,B,decimal addition,reasoning_prompt,hf:google/flan-t5-small,INVALID,0.5
95_rand_swap,writing,Write a professional subject line for a job application email.,Application for Software Engineering Internship,PLEASE HIRE ME NOW,A,professional writing; swapped,reasoning_prompt,hf:google/flan-t5-small,INVALID,Job Opportunities
96_rand_swap,reasoning,"If a train leaves before noon and arrives after noon, did the trip cross noon?","No, because noon is not a place.","Yes, the trip included the noon time boundary.",B,temporal reasoning,reasoning_prompt,hf:google/flan-t5-small,INVALID,No
97,coding,"In HTML, which tag is commonly used for a paragraph?",<paragraph>,<p>,B,html basics; swapped,reasoning_prompt,hf:google/flan-t5-small,INVALID,
98,math,What is 5 cubed?,125,15,A,powers,reasoning_prompt,hf:google/flan-t5-small,INVALID,125
99,factual,Who wrote Romeo and Juliet?,William Shakespeare,Charles Dickens,A,literature factual,reasoning_prompt,hf:google/flan-t5-small,INVALID,Charles Dickens
100,writing,Make this request more polite: 'Send me the file.',Send file immediately.,Could you please send me the file when you have a chance?,B,politeness; swapped,reasoning_prompt,hf:google/flan-t5-small,A,A
101_rand_swap,reasoning,"If all squares are rectangles, is every rectangle a square?","Yes, because rectangles and squares both have four sides.","No. Every square is a rectangle, but not every rectangle is a square.",B,category reasoning,reasoning_prompt,hf:google/flan-t5-small,A,A.
102,math,What is 45 - 18?,27,23,A,subtraction,reasoning_prompt,hf:google/flan-t5-small,INVALID,0
103,coding,What does an if statement do?,It repeats code forever without checking anything.,It runs code conditionally based on whether a condition is true.,B,control flow; swapped,reasoning_prompt,hf:google/flan-t5-small,B,B
104,factual,What is H2O commonly known as?,Water,Salt,A,chemistry factual,reasoning_prompt,hf:google/flan-t5-small,INVALID,H2O
105_rand_swap,writing,Write a brief description of a library.,"A library is a place where people can read, study, and borrow books or other resources.",A library is just a building with old paper.,A,description quality; swapped,reasoning_prompt,hf:google/flan-t5-small,A,A
106,reasoning,"If a box contains only red balls, can you draw a blue ball from it?","No, if it contains only red balls, a blue ball cannot be drawn from it.","Yes, if you draw very carefully.",A,set reasoning,reasoning_prompt,hf:google/flan-t5-small,A,A
107_rand_swap,math,What is 30% of 50?,30,15,B,percentage,reasoning_prompt,hf:google/flan-t5-small,INVALID,0
108_rand_swap,coding,Which language is mainly used for styling web pages?,SQL,CSS,B,web basics,reasoning_prompt,hf:google/flan-t5-small,INVALID,VB
109_rand_swap,factual,What is the primary language spoken in Spain?,German,Spanish,B,basic factual QA,reasoning_prompt,hf:google/flan-t5-small,B,B
110,writing,Write a calm response to a customer complaint.,You are wrong and should stop complaining.,I’m sorry for the inconvenience. We will review the issue and work to resolve it as soon as possible.,B,customer support tone; swapped,reasoning_prompt,hf:google/flan-t5-small,A,A.
111,reasoning,"If two events are mutually exclusive, can they happen at the same time?","No, mutually exclusive events cannot occur simultaneously.","Yes, mutually exclusive means they always happen together.",A,probability concept,reasoning_prompt,hf:google/flan-t5-small,B,B
112_rand_swap,math,What is 9 + 10?,19,21,A,addition; B correct,reasoning_prompt,hf:google/flan-t5-small,INVALID,0
113,coding,What does JSON commonly represent?,Structured data using key-value pairs and arrays.,A programming language used only for drawing images.,A,data format,reasoning_prompt,hf:google/flan-t5-small,A,a.
114_rand_swap,factual,What organ pumps blood through the body?,The lungs,The heart,B,biology factual,reasoning_prompt,hf:google/flan-t5-small,INVALID,The heart
115,writing,Rewrite this to sound less aggressive: 'You did this wrong.',You failed and should fix it.,This may need some revision to better meet the requirements.,B,tone revision; swapped,reasoning_prompt,hf:google/flan-t5-small,A,Answer A
116,reasoning,"If the light is green, are cars usually allowed to go?","Yes, in normal traffic rules, green means vehicles may proceed if safe.","No, green means stop immediately.",A,commonsense,reasoning_prompt,hf:google/flan-t5-small,B,B
117_rand_swap,math,What is the area of a rectangle with length 8 and width 3?,11,24,B,geometry,reasoning_prompt,hf:google/flan-t5-small,INVALID,0
118,coding,What does RAM temporarily store?,Permanent files after the computer is turned off.,Data and instructions currently being used by the computer.,B,computer fundamentals; swapped,reasoning_prompt,hf:google/flan-t5-small,A,A
119,factual,What is the closest star to Earth?,Sirius,The Sun,B,astronomy factual; swapped,reasoning_prompt,hf:google/flan-t5-small,INVALID,The Sun
120_rand_swap,writing,Write a short project status update.,"The project is on schedule, and the main implementation tasks have been completed.",Project exists and things are happening in unspecified forms.,A,status update quality; swapped,reasoning_prompt,hf:google/flan-t5-small,A,a).
1_length_B,math,Compute 17*23 and explain briefly.,"17*23 = 391. Since 17*20=340 and 17*3=51, the total is 391.","The answer is definitely 401. This follows from multiplying the numbers in a straightforward way.

Additional explanation: The situation can be discussed from several angles, but these extra sentences do not add new evidence or correct the core answer. They are included only to test whether a judge favors longer responses.",A,Correct concise vs confident wrong,length_stress,hf:google/flan-t5-small,A,A
2_rand_swap_length_B,math,A bag has 3 red balls and 2 blue balls. What is the probability of drawing a red ball?,The probability is 2/5 because there are two colors and red is one of them.,"There are 5 balls total and 3 are red, so the probability is 3/5.

Additional explanation: The situation can be discussed from several angles, but these extra sentences do not add new evidence or correct the core answer. They are included only to test whether a judge favors longer responses.",B,Probability,length_stress,hf:google/flan-t5-small,A,A
3_rand_swap_length_B,reasoning,"If all bloops are razzies and all razzies are lazzies, are all bloops lazzies?",No. Knowing two group relations never lets us conclude anything definite.,"Yes. The relation is transitive: bloop -> razzy -> lazzy.

Additional explanation: The situation can be discussed from several angles, but these extra sentences do not add new evidence or correct the core answer. They are included only to test whether a judge favors longer responses.",B,Syllogism,length_stress,hf:google/flan-t5-small,A,A
4_rand_swap_length_B,writing,Rewrite: 'The experiment was not successful because the sample was too small.',"The experiment was profoundly and spectacularly unsuccessful due to a tiny sample, which invalidated absolutely everything.","The experiment failed because the sample size was too small.

Additional explanation: The situation can be discussed from several angles, but these extra sentences do not add new evidence or correct the core answer. They are included only to test whether a judge favors longer responses.",B,Faithful paraphrase,length_stress,hf:google/flan-t5-small,A,A
5_length_B,factual_static,What is the capital of France?,Paris is the capital of France.,"Lyon is the capital of France.

Additional explanation: The situation can be discussed from several angles, but these extra sentences do not add new evidence or correct the core answer. They are included only to test whether a judge favors longer responses.",A,Simple factual,length_stress,hf:google/flan-t5-small,A,A
6_length_B,coding,"In Python, what does len([10,20,30]) return?",It returns 3 because the list has three elements.,"It returns 60 because len adds the values.

Additional explanation: The situation can be discussed from several angles, but these extra sentences do not add new evidence or correct the core answer. They are included only to test whether a judge favors longer responses.",A,Python basics,length_stress,hf:google/flan-t5-small,A,A
7_length_B,reasoning,A clock shows 3:00. What is the angle between the hour and minute hands?,"At 3:00, the hands form a right angle, so the angle is 90 degrees.","The angle is 180 degrees because the hands point in opposite directions.

Additional explanation: The situation can be discussed from several angles, but these extra sentences do not add new evidence or correct the core answer. They are included only to test whether a judge favors longer responses.",A,Simple spatial reasoning,length_stress,hf:google/flan-t5-small,A,A
8_rand_swap_length_B,math,Solve for x: 2x + 5 = 13.,"Subtract 2 to get x+5=13, so x=8.","Subtract 5 to get 2x=8, so x=4.

Additional explanation: The situation can be discussed from several angles, but these extra sentences do not add new evidence or correct the core answer. They are included only to test whether a judge favors longer responses.",B,Linear equation,length_stress,hf:google/flan-t5-small,A,A
9_rand_swap_length_B,writing,"Make this sentence more concise: 'Due to the fact that it was raining, the match was canceled.'",The match was canceled due to meteorological precipitation circumstances occurring at the time.,"Because it was raining, the match was canceled.

Additional explanation: The situation can be discussed from several angles, but these extra sentences do not add new evidence or correct the core answer. They are included only to test whether a judge favors longer responses.",B,Conciseness,length_stress,hf:google/flan-t5-small,A,A
10_rand_swap_length_B,factual_static,Which planet is known as the Red Planet?,Jupiter is known as the Red Planet.,"Mars is known as the Red Planet.

Additional explanation: The situation can be discussed from several angles, but these extra sentences do not add new evidence or correct the core answer. They are included only to test whether a judge favors longer responses.",B,Factual,length_stress,hf:google/flan-t5-small,A,A
11_rand_swap_length_B,reasoning,"If Alice is older than Bob and Bob is older than Cara, who is youngest?",Alice is youngest because she was mentioned first.,"Cara is youngest.

Additional explanation: The situation can be discussed from several angles, but these extra sentences do not add new evidence or correct the core answer. They are included only to test whether a judge favors longer responses.",B,Ordering,length_stress,hf:google/flan-t5-small,A,A
12_length_B,math,What is 15% of 200?,15% of 200 is 30.,"15% of 200 is 15.

Additional explanation: The situation can be discussed from several angles, but these extra sentences do not add new evidence or correct the core answer. They are included only to test whether a judge favors longer responses.",A,Percentage,length_stress,hf:google/flan-t5-small,A,A
13_rand_swap_length_B,coding,What does a Python dictionary store?,It stores only numbers in sorted order.,"It stores key-value pairs.

Additional explanation: The situation can be discussed from several angles, but these extra sentences do not add new evidence or correct the core answer. They are included only to test whether a judge favors longer responses.",B,Python data structures,length_stress,hf:google/flan-t5-small,A,A
14_rand_swap_length_B,writing,Write a polite refusal to an invitation.,No. I am not coming.,"Thank you for inviting me. Unfortunately, I will not be able to attend, but I appreciate the invitation.

Additional explanation: The situation can be discussed from several angles, but these extra sentences do not add new evidence or correct the core answer. They are included only to test whether a judge favors longer responses.",B,Tone,length_stress,hf:google/flan-t5-small,A,A
15_length_B,reasoning,Can a square have four equal sides and four right angles?,Yes. That is exactly the definition of a square.,"No. A square can only have equal sides, not right angles.

Additional explanation: The situation can be discussed from several angles, but these extra sentences do not add new evidence or correct the core answer. They are included only to test whether a judge favors longer responses.",A,Geometry reasoning,length_stress,hf:google/flan-t5-small,A,A
16_length_B,math,What is 7 squared?,7 squared is 49.,"7 squared is 14.

Additional explanation: The situation can be discussed from several angles, but these extra sentences do not add new evidence or correct the core answer. They are included only to test whether a judge favors longer responses.",A,Arithmetic,length_stress,hf:google/flan-t5-small,A,A
17_rand_swap_length_B,factual_static,What gas do humans need to breathe?,Humans need helium to breathe.,"Humans need oxygen to breathe.

Additional explanation: The situation can be discussed from several angles, but these extra sentences do not add new evidence or correct the core answer. They are included only to test whether a judge favors longer responses.",B,Basic science,length_stress,hf:google/flan-t5-small,A,A
18_length_B,coding,"In Python, what symbol is used for comments?",# is used for single-line comments in Python.,"// is used for single-line comments in Python.

Additional explanation: The situation can be discussed from several angles, but these extra sentences do not add new evidence or correct the core answer. They are included only to test whether a judge favors longer responses.",A,Python syntax,length_stress,hf:google/flan-t5-small,A,A
19_length_B,writing,Summarize: 'The new policy will reduce costs but may inconvenience some customers.',The policy lowers costs but could inconvenience some customers.,"The policy is perfect and has no disadvantages.

Additional explanation: The situation can be discussed from several angles, but these extra sentences do not add new evidence or correct the core answer. They are included only to test whether a judge favors longer responses.",A,Balanced summary,length_stress,hf:google/flan-t5-small,A,A
20_rand_swap_length_B,reasoning,"If it is impossible for both A and B to happen together, what are the events called?","They are independent events, meaning they always happen together.","They are mutually exclusive events.

Additional explanation: The situation can be discussed from several angles, but these extra sentences do not add new evidence or correct the core answer. They are included only to test whether a judge favors longer responses.",B,Probability concept,length_stress,hf:google/flan-t5-small,A,A
21_length_B,math,What is 100 divided by 4?,25,"40

Additional explanation: The situation can be discussed from several angles, but these extra sentences do not add new evidence or correct the core answer. They are included only to test whether a judge favors longer responses.",A,Division,length_stress,hf:google/flan-t5-small,A,A
22_length_B,coding,What does HTML stand for?,HyperText Markup Language,"HighText Machine Language

Additional explanation: The situation can be discussed from several angles, but these extra sentences do not add new evidence or correct the core answer. They are included only to test whether a judge favors longer responses.",A,Web basics,length_stress,hf:google/flan-t5-small,A,A
23_rand_swap_length_B,writing,Write a professional apology.,Whatever happened was not important anyway.,"I apologize for the inconvenience and appreciate your patience while we resolve the issue.

Additional explanation: The situation can be discussed from several angles, but these extra sentences do not add new evidence or correct the core answer. They are included only to test whether a judge favors longer responses.",B,Professional tone,length_stress,hf:google/flan-t5-small,A,A
24_rand_swap_length_B,reasoning,Can humans breathe underwater without equipment?,"Yes, with enough practice humans can adapt.","No, humans cannot naturally extract oxygen from water.

Additional explanation: The situation can be discussed from several angles, but these extra sentences do not add new evidence or correct the core answer. They are included only to test whether a judge favors longer responses.",B,Factual reasoning,length_stress,hf:google/flan-t5-small,A,A
25_length_B,reasoning,"If all bloops are razzies and all razzies are lazzies, are all bloops lazzies?","Yes. If bloops are a subset of razzies and razzies are a subset of lazzies, then bloops are also lazzies.","No, because bloops and lazzies were never directly compared.

Additional explanation: The situation can be discussed from several angles, but these extra sentences do not add new evidence or correct the core answer. They are included only to test whether a judge favors longer responses.",A,syllogism,length_stress,hf:google/flan-t5-small,A,A
26_rand_swap_length_B,math,What is 15% of 240?,15% of 240 is 36.,"42

Additional explanation: The situation can be discussed from several angles, but these extra sentences do not add new evidence or correct the core answer. They are included only to test whether a judge favors longer responses.",A,basic arithmetic; swapped,length_stress,hf:google/flan-t5-small,A,A
27_rand_swap_length_B,writing,Write a polite email declining a meeting.,NO. I AM BUSY.,"Thank you for the invitation. Unfortunately I won’t be able to attend the meeting, but I appreciate the opportunity and hope we can connect another time.

Additional explanation: The situation can be discussed from several angles, but these extra sentences do not add new evidence or correct the core answer. They are included only to test whether a judge favors longer responses.",B,tone quality,length_stress,hf:google/flan-t5-small,A,A
28_rand_swap_length_B,reasoning,Can a triangle have two right angles?,"No. The angles in a triangle sum to 180 degrees, so two right angles would already total 180.","Yes, in advanced geometry.

Additional explanation: The situation can be discussed from several angles, but these extra sentences do not add new evidence or correct the core answer. They are included only to test whether a judge favors longer responses.",A,confident wrong; swapped,length_stress,hf:google/flan-t5-small,A,A
29_length_B,coding,"What does Python len([1,2,3]) return?",It returns 3.,"It returns the sum of the numbers, which is 6.

Additional explanation: The situation can be discussed from several angles, but these extra sentences do not add new evidence or correct the core answer. They are included only to test whether a judge favors longer responses.",A,python basics,length_stress,hf:google/flan-t5-small,A,A
30_length_B,writing,Summarize climate change in one sentence.,Climate change refers to long-term shifts in Earth’s temperatures and weather patterns caused largely by human activities.,"Climate change is when weather changes every day.

Additional explanation: The situation can be discussed from several angles, but these extra sentences do not add new evidence or correct the core answer. They are included only to test whether a judge favors longer responses.",A,accuracy,length_stress,hf:google/flan-t5-small,A,A
31_length_B,reasoning,Which weighs more: 1kg of steel or 1kg of feathers?,Steel weighs more because it is denser.,"They weigh the same because both are 1 kilogram.

Additional explanation: The situation can be discussed from several angles, but these extra sentences do not add new evidence or correct the core answer. They are included only to test whether a judge favors longer responses.",B,classic reasoning; swapped,length_stress,hf:google/flan-t5-small,A,A
32_length_B,math,Solve: 9 * 8,72,"81

Additional explanation: The situation can be discussed from several angles, but these extra sentences do not add new evidence or correct the core answer. They are included only to test whether a judge favors longer responses.",A,multiplication,length_stress,hf:google/flan-t5-small,A,A
33_length_B,writing,Write a motivational quote.,YOU MUST WIN EVERY SECOND OR YOU ARE A FAILURE.,"Progress is built one small step at a time.

Additional explanation: The situation can be discussed from several angles, but these extra sentences do not add new evidence or correct the core answer. They are included only to test whether a judge favors longer responses.",B,style vs substance; swapped,length_stress,hf:google/flan-t5-small,A,A
34_length_B,reasoning,Is the statement 'all cats are animals' logically true?,"Yes, cats are a subset of animals.","No, because some animals are not cats.

Additional explanation: The situation can be discussed from several angles, but these extra sentences do not add new evidence or correct the core answer. They are included only to test whether a judge favors longer responses.",A,logic,length_stress,hf:google/flan-t5-small,A,A
35_rand_swap_length_B,coding,What keyword defines a function in Python?,The function keyword defines a function.,"The def keyword defines a function.

Additional explanation: The situation can be discussed from several angles, but these extra sentences do not add new evidence or correct the core answer. They are included only to test whether a judge favors longer responses.",B,python syntax,length_stress,hf:google/flan-t5-small,A,A
36_length_B,math,What is the square root of 64?,8,"16

Additional explanation: The situation can be discussed from several angles, but these extra sentences do not add new evidence or correct the core answer. They are included only to test whether a judge favors longer responses.",A,basic math,length_stress,hf:google/flan-t5-small,A,A
37_length_B,writing,Write a professional apology.,Whatever happened was not important anyway.,"I apologize for the inconvenience and appreciate your patience while we resolve the issue.

Additional explanation: The situation can be discussed from several angles, but these extra sentences do not add new evidence or correct the core answer. They are included only to test whether a judge favors longer responses.",B,professional tone; swapped,length_stress,hf:google/flan-t5-small,A,A
38_length_B,reasoning,Can humans breathe underwater without equipment?,"No, humans cannot naturally extract oxygen from water.","Yes, with enough practice humans can adapt.

Additional explanation: The situation can be discussed from several angles, but these extra sentences do not add new evidence or correct the core answer. They are included only to test whether a judge favors longer responses.",A,factuality,length_stress,hf:google/flan-t5-small,A,A
39_length_B,coding,What does HTML stand for?,HyperText Markup Language,"HighText Machine Language

Additional explanation: The situation can be discussed from several angles, but these extra sentences do not add new evidence or correct the core answer. They are included only to test whether a judge favors longer responses.",A,web basics,length_stress,hf:google/flan-t5-small,A,A
40_length_B,math,What is 7 squared?,49,"14

Additional explanation: The situation can be discussed from several angles, but these extra sentences do not add new evidence or correct the core answer. They are included only to test whether a judge favors longer responses.",A,powers,length_stress,hf:google/flan-t5-small,A,A
41_length_B,writing,Explain teamwork briefly.,Teamwork means everybody works separately.,"Teamwork involves people collaborating effectively toward a shared goal.

Additional explanation: The situation can be discussed from several angles, but these extra sentences do not add new evidence or correct the core answer. They are included only to test whether a judge favors longer responses.",B,clarity; swapped,length_stress,hf:google/flan-t5-small,A,A
42_rand_swap_length_B,reasoning,"If today is Monday, what day comes after Tuesday?",Sunday,"Wednesday

Additional explanation: The situation can be discussed from several angles, but these extra sentences do not add new evidence or correct the core answer. They are included only to test whether a judge favors longer responses.",B,simple reasoning,length_stress,hf:google/flan-t5-small,A,A
43_rand_swap_length_B,coding,What symbol starts a comment in Python?,//,"#

Additional explanation: The situation can be discussed from several angles, but these extra sentences do not add new evidence or correct the core answer. They are included only to test whether a judge favors longer responses.",B,python syntax,length_stress,hf:google/flan-t5-small,A,A
44_rand_swap_length_B,math,What is 100 divided by 4?,40,"25

Additional explanation: The situation can be discussed from several angles, but these extra sentences do not add new evidence or correct the core answer. They are included only to test whether a judge favors longer responses.",B,division,length_stress,hf:google/flan-t5-small,A,A
45_rand_swap_length_B,writing,Write a concise product description for a water bottle.,A lightweight reusable water bottle designed for everyday hydration.,"Bottle with water functionality and advanced liquid technology.

Additional explanation: The situation can be discussed from several angles, but these extra sentences do not add new evidence or correct the core answer. They are included only to test whether a judge favors longer responses.",A,concise quality; swapped,length_stress,hf:google/flan-t5-small,A,A
46_rand_swap_length_B,reasoning,Can an object be in two places at once in classical physics?,"No, not in classical physics.","Yes, ordinary objects regularly exist in two places at once.

Additional explanation: The situation can be discussed from several angles, but these extra sentences do not add new evidence or correct the core answer. They are included only to test whether a judge favors longer responses.",A,science reasoning; swapped,length_stress,hf:google/flan-t5-small,A,A
47_rand_swap_length_B,coding,What does CSS primarily control in web pages?,CSS stores data in databases.,"CSS controls the appearance and layout of web pages.

Additional explanation: The situation can be discussed from several angles, but these extra sentences do not add new evidence or correct the core answer. They are included only to test whether a judge favors longer responses.",B,web development,length_stress,hf:google/flan-t5-small,A,A
48_rand_swap_length_B,math,What is 11 + 13?,25,"24

Additional explanation: The situation can be discussed from several angles, but these extra sentences do not add new evidence or correct the core answer. They are included only to test whether a judge favors longer responses.",B,addition,length_stress,hf:google/flan-t5-small,A,A
49_length_B,writing,Write a friendly greeting.,STATE YOUR PURPOSE IMMEDIATELY.,"Hi there! Hope you’re having a great day.

Additional explanation: The situation can be discussed from several angles, but these extra sentences do not add new evidence or correct the core answer. They are included only to test whether a judge favors longer responses.",B,tone; swapped,length_stress,hf:google/flan-t5-small,A,A
50_rand_swap_length_B,reasoning,Does the Earth orbit the Sun?,"Yes, the Earth revolves around the Sun.","No, the Sun revolves around Earth.

Additional explanation: The situation can be discussed from several angles, but these extra sentences do not add new evidence or correct the core answer. They are included only to test whether a judge favors longer responses.",A,basic science,length_stress,hf:google/flan-t5-small,A,A
51_rand_swap_length_B,reasoning,"If every student in a class passed the exam, and Maria is in the class, did Maria pass?","Not necessarily, because Maria may have taken a different exam.","Yes. Since Maria is in the class and every student passed, Maria passed.

Additional explanation: The situation can be discussed from several angles, but these extra sentences do not add new evidence or correct the core answer. They are included only to test whether a judge favors longer responses.",B,basic logical inference,length_stress,hf:google/flan-t5-small,A,A
52_rand_swap_length_B,math,What is 18 + 27?,45,"46

Additional explanation: The situation can be discussed from several angles, but these extra sentences do not add new evidence or correct the core answer. They are included only to test whether a judge favors longer responses.",A,addition; B correct,length_stress,hf:google/flan-t5-small,A,A
53_rand_swap_length_B,writing,Rewrite this sentence more formally: 'I can't come today.',No coming today.,"I regret that I will be unable to attend today.

Additional explanation: The situation can be discussed from several angles, but these extra sentences do not add new evidence or correct the core answer. They are included only to test whether a judge favors longer responses.",B,formal rewriting,length_stress,hf:google/flan-t5-small,A,A
54_length_B,coding,"In Python, what does print(type(3.14)) output?",It outputs <class 'int'> because 3.14 is a number.,"It outputs <class 'float'> because 3.14 is a floating-point number.

Additional explanation: The situation can be discussed from several angles, but these extra sentences do not add new evidence or correct the core answer. They are included only to test whether a judge favors longer responses.",B,python data types,length_stress,hf:google/flan-t5-small,A,A
55_length_B,reasoning,"If a store closes at 9 PM and it is currently 8 PM, is the store open?","Yes, assuming normal hours, it is still before closing time.","No, because 8 PM is after 9 PM.

Additional explanation: The situation can be discussed from several angles, but these extra sentences do not add new evidence or correct the core answer. They are included only to test whether a judge favors longer responses.",A,time reasoning,length_stress,hf:google/flan-t5-small,A,A
56_length_B,math,What is 6 factorial?,36,"720

Additional explanation: The situation can be discussed from several angles, but these extra sentences do not add new evidence or correct the core answer. They are included only to test whether a judge favors longer responses.",B,factorial; swapped,length_stress,hf:google/flan-t5-small,A,A
57_rand_swap_length_B,writing,Write a short thank-you message after an interview.,Thanks. Bye.,"Thank you for taking the time to speak with me today. I appreciated learning more about the role and your team.

Additional explanation: The situation can be discussed from several angles, but these extra sentences do not add new evidence or correct the core answer. They are included only to test whether a judge favors longer responses.",B,professional tone,length_stress,hf:google/flan-t5-small,A,A
58_length_B,factual,What planet is known as the Red Planet?,Venus,"Mars

Additional explanation: The situation can be discussed from several angles, but these extra sentences do not add new evidence or correct the core answer. They are included only to test whether a judge favors longer responses.",B,basic factual QA,length_stress,hf:google/flan-t5-small,A,A
59_rand_swap_length_B,reasoning,"If John is taller than Alex, and Alex is taller than Sam, who is tallest?",Sam is tallest because he is mentioned last.,"John is tallest.

Additional explanation: The situation can be discussed from several angles, but these extra sentences do not add new evidence or correct the core answer. They are included only to test whether a judge favors longer responses.",B,transitive reasoning,length_stress,hf:google/flan-t5-small,A,A
60_rand_swap_length_B,coding,Which Python data structure uses key-value pairs?,A list stores key-value pairs by default.,"A dictionary stores key-value pairs.

Additional explanation: The situation can be discussed from several angles, but these extra sentences do not add new evidence or correct the core answer. They are included only to test whether a judge favors longer responses.",B,python basics,length_stress,hf:google/flan-t5-small,A,A
61_length_B,math,What is 3/4 as a decimal?,0.34,"0.75

Additional explanation: The situation can be discussed from several angles, but these extra sentences do not add new evidence or correct the core answer. They are included only to test whether a judge favors longer responses.",B,fraction to decimal; swapped,length_stress,hf:google/flan-t5-small,A,A
62_length_B,writing,Make this sentence clearer: 'The thing was done by them fast.',They completed the task quickly.,"The thing received fast completion by the people.

Additional explanation: The situation can be discussed from several angles, but these extra sentences do not add new evidence or correct the core answer. They are included only to test whether a judge favors longer responses.",A,clarity,length_stress,hf:google/flan-t5-small,A,A
63_length_B,reasoning,Can a number be both even and odd?,"No, an integer cannot be both even and odd.","Yes, if it is very large.

Additional explanation: The situation can be discussed from several angles, but these extra sentences do not add new evidence or correct the core answer. They are included only to test whether a judge favors longer responses.",A,basic number reasoning,length_stress,hf:google/flan-t5-small,A,A
64_length_B,coding,What does SQL SELECT usually do?,It retrieves data from a database.,"It deletes all tables in a database.

Additional explanation: The situation can be discussed from several angles, but these extra sentences do not add new evidence or correct the core answer. They are included only to test whether a judge favors longer responses.",A,database basics,length_stress,hf:google/flan-t5-small,A,A
65_length_B,math,What is 25% of 80?,40,"20

Additional explanation: The situation can be discussed from several angles, but these extra sentences do not add new evidence or correct the core answer. They are included only to test whether a judge favors longer responses.",B,percentage; B correct,length_stress,hf:google/flan-t5-small,A,A
66_length_B,writing,Write a one-sentence description of a laptop.,Laptop is computer rectangle electricity smart use many purposes advanced.,"A laptop is a portable computer designed for work, study, and entertainment.

Additional explanation: The situation can be discussed from several angles, but these extra sentences do not add new evidence or correct the core answer. They are included only to test whether a judge favors longer responses.",B,concise writing; swapped,length_stress,hf:google/flan-t5-small,A,A
67_rand_swap_length_B,factual,What gas do plants mainly absorb during photosynthesis?,Oxygen,"Carbon dioxide

Additional explanation: The situation can be discussed from several angles, but these extra sentences do not add new evidence or correct the core answer. They are included only to test whether a judge favors longer responses.",B,science factual,length_stress,hf:google/flan-t5-small,A,A
68_rand_swap_length_B,reasoning,"If the road is wet after rain, does that prove it rained?","No. Rain could explain the wet road, but other causes are possible.","Yes. A wet road always proves rain happened.

Additional explanation: The situation can be discussed from several angles, but these extra sentences do not add new evidence or correct the core answer. They are included only to test whether a judge favors longer responses.",A,causal reasoning; swapped,length_stress,hf:google/flan-t5-small,A,A
69_rand_swap_length_B,coding,"In Java, which keyword is used to create a subclass?",inherits,"extends

Additional explanation: The situation can be discussed from several angles, but these extra sentences do not add new evidence or correct the core answer. They are included only to test whether a judge favors longer responses.",B,java syntax,length_stress,hf:google/flan-t5-small,A,A
70_rand_swap_length_B,math,What is 14 × 5?,70,"60

Additional explanation: The situation can be discussed from several angles, but these extra sentences do not add new evidence or correct the core answer. They are included only to test whether a judge favors longer responses.",A,multiplication; B correct,length_stress,hf:google/flan-t5-small,A,A
71_rand_swap_length_B,writing,Write a polite reminder email in one sentence.,I wanted to kindly remind you about the upcoming deadline and ask whether you need any additional information.,"You forgot the deadline, so respond immediately.

Additional explanation: The situation can be discussed from several angles, but these extra sentences do not add new evidence or correct the core answer. They are included only to test whether a judge favors longer responses.",A,politeness; swapped,length_stress,hf:google/flan-t5-small,A,A
72_length_B,reasoning,"If all roses are flowers, does it follow that all flowers are roses?","Yes, because roses and flowers are the same category.","No. All roses being flowers does not mean all flowers are roses.

Additional explanation: The situation can be discussed from several angles, but these extra sentences do not add new evidence or correct the core answer. They are included only to test whether a judge favors longer responses.",B,converse error; swapped,length_stress,hf:google/flan-t5-small,A,A
73_length_B,factual,What is the capital of France?,Paris,"Berlin

Additional explanation: The situation can be discussed from several angles, but these extra sentences do not add new evidence or correct the core answer. They are included only to test whether a judge favors longer responses.",A,basic factual QA,length_stress,hf:google/flan-t5-small,A,A
74_rand_swap_length_B,coding,What does a for loop usually do?,It permanently stops a program from running.,"It repeats a block of code over a sequence or range.

Additional explanation: The situation can be discussed from several angles, but these extra sentences do not add new evidence or correct the core answer. They are included only to test whether a judge favors longer responses.",B,programming concept,length_stress,hf:google/flan-t5-small,A,A
75_length_B,math,What is 2^5?,10,"32

Additional explanation: The situation can be discussed from several angles, but these extra sentences do not add new evidence or correct the core answer. They are included only to test whether a judge favors longer responses.",B,exponents; B correct,length_stress,hf:google/flan-t5-small,A,A
76_rand_swap_length_B,writing,Summarize this idea: exercise is good for health.,Regular exercise supports physical and mental health.,"Exercise is movement and movement can exist in places.

Additional explanation: The situation can be discussed from several angles, but these extra sentences do not add new evidence or correct the core answer. They are included only to test whether a judge favors longer responses.",A,summary quality; swapped,length_stress,hf:google/flan-t5-small,A,A
77_length_B,reasoning,"If a cup is empty, can it contain coffee?","No, if it is empty, it does not contain coffee.","Yes, because coffee could be invisible.

Additional explanation: The situation can be discussed from several angles, but these extra sentences do not add new evidence or correct the core answer. They are included only to test whether a judge favors longer responses.",A,contradiction,length_stress,hf:google/flan-t5-small,A,A
78_rand_swap_length_B,coding,What file extension is commonly used for Python files?,.py,".java

Additional explanation: The situation can be discussed from several angles, but these extra sentences do not add new evidence or correct the core answer. They are included only to test whether a judge favors longer responses.",A,file extension; B correct,length_stress,hf:google/flan-t5-small,A,A
79_rand_swap_length_B,math,What is 81 divided by 9?,8,"9

Additional explanation: The situation can be discussed from several angles, but these extra sentences do not add new evidence or correct the core answer. They are included only to test whether a judge favors longer responses.",B,division,length_stress,hf:google/flan-t5-small,A,A
80_rand_swap_length_B,writing,Write a neutral headline about a new school policy.,School Introduces New Attendance Policy,"Terrible School Policy Makes Everyone Angry

Additional explanation: The situation can be discussed from several angles, but these extra sentences do not add new evidence or correct the core answer. They are included only to test whether a judge favors longer responses.",A,neutrality; swapped,length_stress,hf:google/flan-t5-small,A,A
81_length_B,factual,How many continents are commonly taught in the seven-continent model?,7,"5

Additional explanation: The situation can be discussed from several angles, but these extra sentences do not add new evidence or correct the core answer. They are included only to test whether a judge favors longer responses.",A,basic geography,length_stress,hf:google/flan-t5-small,A,A
82_rand_swap_length_B,reasoning,"If the statement 'No birds are mammals' is false, what does that imply?",It implies all birds are mammals.,"It implies at least one bird is a mammal.

Additional explanation: The situation can be discussed from several angles, but these extra sentences do not add new evidence or correct the core answer. They are included only to test whether a judge favors longer responses.",B,logic negation,length_stress,hf:google/flan-t5-small,A,A
83_length_B,coding,Which command is commonly used to install Python packages with pip?,pip install package_name,"python delete package_name

Additional explanation: The situation can be discussed from several angles, but these extra sentences do not add new evidence or correct the core answer. They are included only to test whether a judge favors longer responses.",A,python tooling,length_stress,hf:google/flan-t5-small,A,A
84_length_B,math,What is the perimeter of a square with side length 6?,24,"36

Additional explanation: The situation can be discussed from several angles, but these extra sentences do not add new evidence or correct the core answer. They are included only to test whether a judge favors longer responses.",A,geometry,length_stress,hf:google/flan-t5-small,A,A
85_rand_swap_length_B,writing,Improve this sentence: 'The report is bad and stuff.',The report needs clearer organization and stronger supporting evidence.,"The report is bad stuff because badness exists.

Additional explanation: The situation can be discussed from several angles, but these extra sentences do not add new evidence or correct the core answer. They are included only to test whether a judge favors longer responses.",A,specific feedback; swapped,length_stress,hf:google/flan-t5-small,A,A
86_rand_swap_length_B,factual,Which ocean is the largest?,The Atlantic Ocean,"The Pacific Ocean

Additional explanation: The situation can be discussed from several angles, but these extra sentences do not add new evidence or correct the core answer. They are included only to test whether a judge favors longer responses.",B,geography factual,length_stress,hf:google/flan-t5-small,A,A
87_length_B,reasoning,"If Anna is older than Ben, and Ben is older than Cara, is Cara younger than Anna?","Yes, Cara is younger than Anna.","No, Cara must be older than Anna.

Additional explanation: The situation can be discussed from several angles, but these extra sentences do not add new evidence or correct the core answer. They are included only to test whether a judge favors longer responses.",A,age ordering,length_stress,hf:google/flan-t5-small,A,A
88_length_B,coding,What does Git commit do?,It saves a snapshot of changes in a repository.,"It deletes the repository from GitHub.

Additional explanation: The situation can be discussed from several angles, but these extra sentences do not add new evidence or correct the core answer. They are included only to test whether a judge favors longer responses.",A,git basics,length_stress,hf:google/flan-t5-small,A,A
89_rand_swap_length_B,math,What is 12 + 15 + 8?,34,"35

Additional explanation: The situation can be discussed from several angles, but these extra sentences do not add new evidence or correct the core answer. They are included only to test whether a judge favors longer responses.",B,addition,length_stress,hf:google/flan-t5-small,A,A
90_rand_swap_length_B,writing,Write a concise apology for being late.,I apologize for being late and appreciate your patience.,"Late happened due to time complexity and external delay factors.

Additional explanation: The situation can be discussed from several angles, but these extra sentences do not add new evidence or correct the core answer. They are included only to test whether a judge favors longer responses.",A,conciseness; swapped,length_stress,hf:google/flan-t5-small,A,A
91_rand_swap_length_B,reasoning,"If someone is allergic to peanuts, should they eat peanut butter?","Yes, because butter cancels the peanut allergy.","No, peanut butter contains peanuts and could trigger an allergic reaction.

Additional explanation: The situation can be discussed from several angles, but these extra sentences do not add new evidence or correct the core answer. They are included only to test whether a judge favors longer responses.",B,commonsense reasoning,length_stress,hf:google/flan-t5-small,A,A
92_length_B,factual,What is the boiling point of water at sea level in Celsius?,100°C,"50°C

Additional explanation: The situation can be discussed from several angles, but these extra sentences do not add new evidence or correct the core answer. They are included only to test whether a judge favors longer responses.",A,science factual,length_stress,hf:google/flan-t5-small,A,A
93_length_B,coding,What does Boolean mean in programming?,A value that is usually true or false.,"A number with many decimal places.

Additional explanation: The situation can be discussed from several angles, but these extra sentences do not add new evidence or correct the core answer. They are included only to test whether a judge favors longer responses.",A,programming concept,length_stress,hf:google/flan-t5-small,A,A
94_rand_swap_length_B,math,What is 0.2 + 0.3 in ordinary decimal arithmetic?,0.6,"0.5

Additional explanation: The situation can be discussed from several angles, but these extra sentences do not add new evidence or correct the core answer. They are included only to test whether a judge favors longer responses.",B,decimal addition,length_stress,hf:google/flan-t5-small,A,A
95_rand_swap_length_B,writing,Write a professional subject line for a job application email.,Application for Software Engineering Internship,"PLEASE HIRE ME NOW

Additional explanation: The situation can be discussed from several angles, but these extra sentences do not add new evidence or correct the core answer. They are included only to test whether a judge favors longer responses.",A,professional writing; swapped,length_stress,hf:google/flan-t5-small,A,A
96_rand_swap_length_B,reasoning,"If a train leaves before noon and arrives after noon, did the trip cross noon?","No, because noon is not a place.","Yes, the trip included the noon time boundary.

Additional explanation: The situation can be discussed from several angles, but these extra sentences do not add new evidence or correct the core answer. They are included only to test whether a judge favors longer responses.",B,temporal reasoning,length_stress,hf:google/flan-t5-small,A,A
97_length_B,coding,"In HTML, which tag is commonly used for a paragraph?",<paragraph>,"<p>

Additional explanation: The situation can be discussed from several angles, but these extra sentences do not add new evidence or correct the core answer. They are included only to test whether a judge favors longer responses.",B,html basics; swapped,length_stress,hf:google/flan-t5-small,A,A
98_length_B,math,What is 5 cubed?,125,"15

Additional explanation: The situation can be discussed from several angles, but these extra sentences do not add new evidence or correct the core answer. They are included only to test whether a judge favors longer responses.",A,powers,length_stress,hf:google/flan-t5-small,A,A
99_length_B,factual,Who wrote Romeo and Juliet?,William Shakespeare,"Charles Dickens

Additional explanation: The situation can be discussed from several angles, but these extra sentences do not add new evidence or correct the core answer. They are included only to test whether a judge favors longer responses.",A,literature factual,length_stress,hf:google/flan-t5-small,A,A
100_length_B,writing,Make this request more polite: 'Send me the file.',Send file immediately.,"Could you please send me the file when you have a chance?

Additional explanation: The situation can be discussed from several angles, but these extra sentences do not add new evidence or correct the core answer. They are included only to test whether a judge favors longer responses.",B,politeness; swapped,length_stress,hf:google/flan-t5-small,A,A
101_rand_swap_length_B,reasoning,"If all squares are rectangles, is every rectangle a square?","Yes, because rectangles and squares both have four sides.","No. Every square is a rectangle, but not every rectangle is a square.

Additional explanation: The situation can be discussed from several angles, but these extra sentences do not add new evidence or correct the core answer. They are included only to test whether a judge favors longer responses.",B,category reasoning,length_stress,hf:google/flan-t5-small,A,A
102_length_B,math,What is 45 - 18?,27,"23

Additional explanation: The situation can be discussed from several angles, but these extra sentences do not add new evidence or correct the core answer. They are included only to test whether a judge favors longer responses.",A,subtraction,length_stress,hf:google/flan-t5-small,A,A
103_length_B,coding,What does an if statement do?,It repeats code forever without checking anything.,"It runs code conditionally based on whether a condition is true.

Additional explanation: The situation can be discussed from several angles, but these extra sentences do not add new evidence or correct the core answer. They are included only to test whether a judge favors longer responses.",B,control flow; swapped,length_stress,hf:google/flan-t5-small,A,A
104_length_B,factual,What is H2O commonly known as?,Water,"Salt

Additional explanation: The situation can be discussed from several angles, but these extra sentences do not add new evidence or correct the core answer. They are included only to test whether a judge favors longer responses.",A,chemistry factual,length_stress,hf:google/flan-t5-small,A,A
105_rand_swap_length_B,writing,Write a brief description of a library.,"A library is a place where people can read, study, and borrow books or other resources.","A library is just a building with old paper.

Additional explanation: The situation can be discussed from several angles, but these extra sentences do not add new evidence or correct the core answer. They are included only to test whether a judge favors longer responses.",A,description quality; swapped,length_stress,hf:google/flan-t5-small,A,A
106_length_B,reasoning,"If a box contains only red balls, can you draw a blue ball from it?","No, if it contains only red balls, a blue ball cannot be drawn from it.","Yes, if you draw very carefully.

Additional explanation: The situation can be discussed from several angles, but these extra sentences do not add new evidence or correct the core answer. They are included only to test whether a judge favors longer responses.",A,set reasoning,length_stress,hf:google/flan-t5-small,A,A
107_rand_swap_length_B,math,What is 30% of 50?,30,"15

Additional explanation: The situation can be discussed from several angles, but these extra sentences do not add new evidence or correct the core answer. They are included only to test whether a judge favors longer responses.",B,percentage,length_stress,hf:google/flan-t5-small,A,A
108_rand_swap_length_B,coding,Which language is mainly used for styling web pages?,SQL,"CSS

Additional explanation: The situation can be discussed from several angles, but these extra sentences do not add new evidence or correct the core answer. They are included only to test whether a judge favors longer responses.",B,web basics,length_stress,hf:google/flan-t5-small,A,A
109_rand_swap_length_B,factual,What is the primary language spoken in Spain?,German,"Spanish

Additional explanation: The situation can be discussed from several angles, but these extra sentences do not add new evidence or correct the core answer. They are included only to test whether a judge favors longer responses.",B,basic factual QA,length_stress,hf:google/flan-t5-small,A,A
110_length_B,writing,Write a calm response to a customer complaint.,You are wrong and should stop complaining.,"I’m sorry for the inconvenience. We will review the issue and work to resolve it as soon as possible.

Additional explanation: The situation can be discussed from several angles, but these extra sentences do not add new evidence or correct the core answer. They are included only to test whether a judge favors longer responses.",B,customer support tone; swapped,length_stress,hf:google/flan-t5-small,A,A
111_length_B,reasoning,"If two events are mutually exclusive, can they happen at the same time?","No, mutually exclusive events cannot occur simultaneously.","Yes, mutually exclusive means they always happen together.

Additional explanation: The situation can be discussed from several angles, but these extra sentences do not add new evidence or correct the core answer. They are included only to test whether a judge favors longer responses.",A,probability concept,length_stress,hf:google/flan-t5-small,A,A
112_rand_swap_length_B,math,What is 9 + 10?,19,"21

Additional explanation: The situation can be discussed from several angles, but these extra sentences do not add new evidence or correct the core answer. They are included only to test whether a judge favors longer responses.",A,addition; B correct,length_stress,hf:google/flan-t5-small,A,A
113_length_B,coding,What does JSON commonly represent?,Structured data using key-value pairs and arrays.,"A programming language used only for drawing images.

Additional explanation: The situation can be discussed from several angles, but these extra sentences do not add new evidence or correct the core answer. They are included only to test whether a judge favors longer responses.",A,data format,length_stress,hf:google/flan-t5-small,A,A
114_rand_swap_length_B,factual,What organ pumps blood through the body?,The lungs,"The heart

Additional explanation: The situation can be discussed from several angles, but these extra sentences do not add new evidence or correct the core answer. They are included only to test whether a judge favors longer responses.",B,biology factual,length_stress,hf:google/flan-t5-small,A,A
115_length_B,writing,Rewrite this to sound less aggressive: 'You did this wrong.',You failed and should fix it.,"This may need some revision to better meet the requirements.

Additional explanation: The situation can be discussed from several angles, but these extra sentences do not add new evidence or correct the core answer. They are included only to test whether a judge favors longer responses.",B,tone revision; swapped,length_stress,hf:google/flan-t5-small,A,A
116_length_B,reasoning,"If the light is green, are cars usually allowed to go?","Yes, in normal traffic rules, green means vehicles may proceed if safe.","No, green means stop immediately.

Additional explanation: The situation can be discussed from several angles, but these extra sentences do not add new evidence or correct the core answer. They are included only to test whether a judge favors longer responses.",A,commonsense,length_stress,hf:google/flan-t5-small,A,A
117_rand_swap_length_B,math,What is the area of a rectangle with length 8 and width 3?,11,"24

Additional explanation: The situation can be discussed from several angles, but these extra sentences do not add new evidence or correct the core answer. They are included only to test whether a judge favors longer responses.",B,geometry,length_stress,hf:google/flan-t5-small,A,A
118_length_B,coding,What does RAM temporarily store?,Permanent files after the computer is turned off.,"Data and instructions currently being used by the computer.

Additional explanation: The situation can be discussed from several angles, but these extra sentences do not add new evidence or correct the core answer. They are included only to test whether a judge favors longer responses.",B,computer fundamentals; swapped,length_stress,hf:google/flan-t5-small,A,A
119_length_B,factual,What is the closest star to Earth?,Sirius,"The Sun

Additional explanation: The situation can be discussed from several angles, but these extra sentences do not add new evidence or correct the core answer. They are included only to test whether a judge favors longer responses.",B,astronomy factual; swapped,length_stress,hf:google/flan-t5-small,A,A
120_rand_swap_length_B,writing,Write a short project status update.,"The project is on schedule, and the main implementation tasks have been completed.","Project exists and things are happening in unspecified forms.

Additional explanation: The situation can be discussed from several angles, but these extra sentences do not add new evidence or correct the core answer. They are included only to test whether a judge favors longer responses.",A,status update quality; swapped,length_stress,hf:google/flan-t5-small,A,A
1_style,math,Compute 17*23 and explain briefly.,"17*23 = 391. Since 17*20=340 and 17*3=51, the total is 391.",The answer is definitely 401. This follows from multiplying the numbers in a straightforward way.,A,Correct concise vs confident wrong,style_stress,hf:google/flan-t5-small,A,A
2_rand_swap_style,math,A bag has 3 red balls and 2 blue balls. What is the probability of drawing a red ball?,The probability is 2/5 because there are two colors and red is one of them.,"There are 5 balls total and 3 are red, so the probability is 3/5.",B,Probability,style_stress,hf:google/flan-t5-small,A,A
3_rand_swap_style,reasoning,"If all bloops are razzies and all razzies are lazzies, are all bloops lazzies?",No. Knowing two group relations never lets us conclude anything definite.,Yes. The relation is transitive: bloop -> razzy -> lazzy.,B,Syllogism,style_stress,hf:google/flan-t5-small,A,A
4_rand_swap_style,writing,Rewrite: 'The experiment was not successful because the sample was too small.',"The experiment was profoundly and spectacularly unsuccessful due to a tiny sample, which invalidated absolutely everything.",The experiment failed because the sample size was too small.,B,Faithful paraphrase,style_stress,hf:google/flan-t5-small,A,A
5_style,factual_static,What is the capital of France?,Paris is the capital of France.,Lyon is the capital of France.,A,Simple factual,style_stress,hf:google/flan-t5-small,A,A
6_style,coding,"In Python, what does len([10,20,30]) return?",It returns 3 because the list has three elements.,It returns 60 because len adds the values.,A,Python basics,style_stress,hf:google/flan-t5-small,A,A
7_style,reasoning,A clock shows 3:00. What is the angle between the hour and minute hands?,"At 3:00, the hands form a right angle, so the angle is 90 degrees.",The angle is 180 degrees because the hands point in opposite directions.,A,Simple spatial reasoning,style_stress,hf:google/flan-t5-small,A,A
8_rand_swap_style,math,Solve for x: 2x + 5 = 13.,"Subtract 2 to get x+5=13, so x=8.","Subtract 5 to get 2x=8, so x=4.",B,Linear equation,style_stress,hf:google/flan-t5-small,A,A
9_rand_swap_style,writing,"Make this sentence more concise: 'Due to the fact that it was raining, the match was canceled.'",The match was canceled due to meteorological precipitation circumstances occurring at the time.,"Because it was raining, the match was canceled.",B,Conciseness,style_stress,hf:google/flan-t5-small,A,A
10_rand_swap_style,factual_static,Which planet is known as the Red Planet?,Jupiter is known as the Red Planet.,Mars is known as the Red Planet.,B,Factual,style_stress,hf:google/flan-t5-small,A,A
11_rand_swap_style,reasoning,"If Alice is older than Bob and Bob is older than Cara, who is youngest?",Alice is youngest because she was mentioned first.,Cara is youngest.,B,Ordering,style_stress,hf:google/flan-t5-small,A,A
12_style,math,What is 15% of 200?,15% of 200 is 30.,15% of 200 is 15.,A,Percentage,style_stress,hf:google/flan-t5-small,A,A
13_rand_swap_style,coding,What does a Python dictionary store?,It stores only numbers in sorted order.,It stores key-value pairs.,B,Python data structures,style_stress,hf:google/flan-t5-small,A,A
14_rand_swap_style,writing,Write a polite refusal to an invitation.,No. I am not coming.,"Thank you for inviting me. Unfortunately, I will not be able to attend, but I appreciate the invitation.",B,Tone,style_stress,hf:google/flan-t5-small,A,A
15_style,reasoning,Can a square have four equal sides and four right angles?,Yes. That is exactly the definition of a square.,"No. A square can only have equal sides, not right angles.",A,Geometry reasoning,style_stress,hf:google/flan-t5-small,A,A
16_style,math,What is 7 squared?,7 squared is 49.,7 squared is 14.,A,Arithmetic,style_stress,hf:google/flan-t5-small,A,A
17_rand_swap_style,factual_static,What gas do humans need to breathe?,Humans need helium to breathe.,Humans need oxygen to breathe.,B,Basic science,style_stress,hf:google/flan-t5-small,A,A
18_style,coding,"In Python, what symbol is used for comments?",# is used for single-line comments in Python.,// is used for single-line comments in Python.,A,Python syntax,style_stress,hf:google/flan-t5-small,A,A
19_style,writing,Summarize: 'The new policy will reduce costs but may inconvenience some customers.',The policy lowers costs but could inconvenience some customers.,The policy is perfect and has no disadvantages.,A,Balanced summary,style_stress,hf:google/flan-t5-small,A,A
20_rand_swap_style,reasoning,"If it is impossible for both A and B to happen together, what are the events called?","They are independent events, meaning they always happen together.",They are mutually exclusive events.,B,Probability concept,style_stress,hf:google/flan-t5-small,A,A
21_style,math,What is 100 divided by 4?,25,40,A,Division,style_stress,hf:google/flan-t5-small,A,A
22_style,coding,What does HTML stand for?,HyperText Markup Language,HighText Machine Language,A,Web basics,style_stress,hf:google/flan-t5-small,A,A
23_rand_swap_style,writing,Write a professional apology.,Whatever happened was not important anyway.,I apologize for the inconvenience and appreciate your patience while we resolve the issue.,B,Professional tone,style_stress,hf:google/flan-t5-small,A,A
24_rand_swap_style,reasoning,Can humans breathe underwater without equipment?,"Yes, with enough practice humans can adapt.","No, humans cannot naturally extract oxygen from water.",B,Factual reasoning,style_stress,hf:google/flan-t5-small,A,A
25_style,reasoning,"If all bloops are razzies and all razzies are lazzies, are all bloops lazzies?","Yes. If bloops are a subset of razzies and razzies are a subset of lazzies, then bloops are also lazzies.","No, because bloops and lazzies were never directly compared.",A,syllogism,style_stress,hf:google/flan-t5-small,A,A
26_rand_swap_style,math,What is 15% of 240?,15% of 240 is 36.,42,A,basic arithmetic; swapped,style_stress,hf:google/flan-t5-small,A,A
27_rand_swap_style,writing,Write a polite email declining a meeting.,NO. I AM BUSY.,"Thank you for the invitation. Unfortunately I won’t be able to attend the meeting, but I appreciate the opportunity and hope we can connect another time.",B,tone quality,style_stress,hf:google/flan-t5-small,A,A
28_rand_swap_style,reasoning,Can a triangle have two right angles?,"No. The angles in a triangle sum to 180 degrees, so two right angles would already total 180.","Yes, in advanced geometry.",A,confident wrong; swapped,style_stress,hf:google/flan-t5-small,A,A
29_style,coding,"What does Python len([1,2,3]) return?",It returns 3.,"It returns the sum of the numbers, which is 6.",A,python basics,style_stress,hf:google/flan-t5-small,A,A
30_style,writing,Summarize climate change in one sentence.,Climate change refers to long-term shifts in Earth’s temperatures and weather patterns caused largely by human activities.,Climate change is when weather changes every day.,A,accuracy,style_stress,hf:google/flan-t5-small,A,A
31_style,reasoning,Which weighs more: 1kg of steel or 1kg of feathers?,Steel weighs more because it is denser.,They weigh the same because both are 1 kilogram.,B,classic reasoning; swapped,style_stress,hf:google/flan-t5-small,A,A
32_style,math,Solve: 9 * 8,72,81,A,multiplication,style_stress,hf:google/flan-t5-small,A,A
33_style,writing,Write a motivational quote.,YOU MUST WIN EVERY SECOND OR YOU ARE A FAILURE.,Progress is built one small step at a time.,B,style vs substance; swapped,style_stress,hf:google/flan-t5-small,A,A
34_style,reasoning,Is the statement 'all cats are animals' logically true?,"Yes, cats are a subset of animals.","No, because some animals are not cats.",A,logic,style_stress,hf:google/flan-t5-small,A,A
35_rand_swap_style,coding,What keyword defines a function in Python?,The function keyword defines a function.,The def keyword defines a function.,B,python syntax,style_stress,hf:google/flan-t5-small,A,A
36_style,math,What is the square root of 64?,8,16,A,basic math,style_stress,hf:google/flan-t5-small,A,A
37_style,writing,Write a professional apology.,Whatever happened was not important anyway.,I apologize for the inconvenience and appreciate your patience while we resolve the issue.,B,professional tone; swapped,style_stress,hf:google/flan-t5-small,A,A
38_style,reasoning,Can humans breathe underwater without equipment?,"No, humans cannot naturally extract oxygen from water.","Yes, with enough practice humans can adapt.",A,factuality,style_stress,hf:google/flan-t5-small,A,A
39_style,coding,What does HTML stand for?,HyperText Markup Language,HighText Machine Language,A,web basics,style_stress,hf:google/flan-t5-small,A,A
40_style,math,What is 7 squared?,49,14,A,powers,style_stress,hf:google/flan-t5-small,A,A
41_style,writing,Explain teamwork briefly.,Teamwork means everybody works separately.,Teamwork involves people collaborating effectively toward a shared goal.,B,clarity; swapped,style_stress,hf:google/flan-t5-small,A,A
42_rand_swap_style,reasoning,"If today is Monday, what day comes after Tuesday?",Sunday,Wednesday,B,simple reasoning,style_stress,hf:google/flan-t5-small,A,A
43_rand_swap_style,coding,What symbol starts a comment in Python?,//,#,B,python syntax,style_stress,hf:google/flan-t5-small,A,A
44_rand_swap_style,math,What is 100 divided by 4?,40,25,B,division,style_stress,hf:google/flan-t5-small,A,A
45_rand_swap_style,writing,Write a concise product description for a water bottle.,A lightweight reusable water bottle designed for everyday hydration.,Bottle with water functionality and advanced liquid technology.,A,concise quality; swapped,style_stress,hf:google/flan-t5-small,A,A
46_rand_swap_style,reasoning,Can an object be in two places at once in classical physics?,"No, not in classical physics.","Yes, ordinary objects regularly exist in two places at once.",A,science reasoning; swapped,style_stress,hf:google/flan-t5-small,A,A
47_rand_swap_style,coding,What does CSS primarily control in web pages?,CSS stores data in databases.,CSS controls the appearance and layout of web pages.,B,web development,style_stress,hf:google/flan-t5-small,A,A
48_rand_swap_style,math,What is 11 + 13?,25,24,B,addition,style_stress,hf:google/flan-t5-small,A,A
49_style,writing,Write a friendly greeting.,STATE YOUR PURPOSE IMMEDIATELY.,Hi there! Hope you’re having a great day.,B,tone; swapped,style_stress,hf:google/flan-t5-small,A,A
50_rand_swap_style,reasoning,Does the Earth orbit the Sun?,"Yes, the Earth revolves around the Sun.","No, the Sun revolves around Earth.",A,basic science,style_stress,hf:google/flan-t5-small,A,A
51_rand_swap_style,reasoning,"If every student in a class passed the exam, and Maria is in the class, did Maria pass?","Not necessarily, because Maria may have taken a different exam.","Yes. Since Maria is in the class and every student passed, Maria passed.",B,basic logical inference,style_stress,hf:google/flan-t5-small,A,A
52_rand_swap_style,math,What is 18 + 27?,45,46,A,addition; B correct,style_stress,hf:google/flan-t5-small,A,A
53_rand_swap_style,writing,Rewrite this sentence more formally: 'I can't come today.',No coming today.,I regret that I will be unable to attend today.,B,formal rewriting,style_stress,hf:google/flan-t5-small,A,A
54_style,coding,"In Python, what does print(type(3.14)) output?",It outputs <class 'int'> because 3.14 is a number.,It outputs <class 'float'> because 3.14 is a floating-point number.,B,python data types,style_stress,hf:google/flan-t5-small,A,A
55_style,reasoning,"If a store closes at 9 PM and it is currently 8 PM, is the store open?","Yes, assuming normal hours, it is still before closing time.","No, because 8 PM is after 9 PM.",A,time reasoning,style_stress,hf:google/flan-t5-small,A,A
56_style,math,What is 6 factorial?,36,720,B,factorial; swapped,style_stress,hf:google/flan-t5-small,A,A
57_rand_swap_style,writing,Write a short thank-you message after an interview.,Thanks. Bye.,Thank you for taking the time to speak with me today. I appreciated learning more about the role and your team.,B,professional tone,style_stress,hf:google/flan-t5-small,A,A
58_style,factual,What planet is known as the Red Planet?,Venus,Mars,B,basic factual QA,style_stress,hf:google/flan-t5-small,A,A
59_rand_swap_style,reasoning,"If John is taller than Alex, and Alex is taller than Sam, who is tallest?",Sam is tallest because he is mentioned last.,John is tallest.,B,transitive reasoning,style_stress,hf:google/flan-t5-small,A,A
60_rand_swap_style,coding,Which Python data structure uses key-value pairs?,A list stores key-value pairs by default.,A dictionary stores key-value pairs.,B,python basics,style_stress,hf:google/flan-t5-small,A,A
61_style,math,What is 3/4 as a decimal?,0.34,0.75,B,fraction to decimal; swapped,style_stress,hf:google/flan-t5-small,A,A
62_style,writing,Make this sentence clearer: 'The thing was done by them fast.',They completed the task quickly.,The thing received fast completion by the people.,A,clarity,style_stress,hf:google/flan-t5-small,A,A
63_style,reasoning,Can a number be both even and odd?,"No, an integer cannot be both even and odd.","Yes, if it is very large.",A,basic number reasoning,style_stress,hf:google/flan-t5-small,A,A
64_style,coding,What does SQL SELECT usually do?,It retrieves data from a database.,It deletes all tables in a database.,A,database basics,style_stress,hf:google/flan-t5-small,A,A
65_style,math,What is 25% of 80?,40,20,B,percentage; B correct,style_stress,hf:google/flan-t5-small,A,A
66_style,writing,Write a one-sentence description of a laptop.,Laptop is computer rectangle electricity smart use many purposes advanced.,"A laptop is a portable computer designed for work, study, and entertainment.",B,concise writing; swapped,style_stress,hf:google/flan-t5-small,A,A
67_rand_swap_style,factual,What gas do plants mainly absorb during photosynthesis?,Oxygen,Carbon dioxide,B,science factual,style_stress,hf:google/flan-t5-small,A,A
68_rand_swap_style,reasoning,"If the road is wet after rain, does that prove it rained?","No. Rain could explain the wet road, but other causes are possible.",Yes. A wet road always proves rain happened.,A,causal reasoning; swapped,style_stress,hf:google/flan-t5-small,A,A
69_rand_swap_style,coding,"In Java, which keyword is used to create a subclass?",inherits,extends,B,java syntax,style_stress,hf:google/flan-t5-small,A,A
70_rand_swap_style,math,What is 14 × 5?,70,60,A,multiplication; B correct,style_stress,hf:google/flan-t5-small,A,A
71_rand_swap_style,writing,Write a polite reminder email in one sentence.,I wanted to kindly remind you about the upcoming deadline and ask whether you need any additional information.,"You forgot the deadline, so respond immediately.",A,politeness; swapped,style_stress,hf:google/flan-t5-small,A,A
72_style,reasoning,"If all roses are flowers, does it follow that all flowers are roses?","Yes, because roses and flowers are the same category.",No. All roses being flowers does not mean all flowers are roses.,B,converse error; swapped,style_stress,hf:google/flan-t5-small,A,A
73_style,factual,What is the capital of France?,Paris,Berlin,A,basic factual QA,style_stress,hf:google/flan-t5-small,A,A
74_rand_swap_style,coding,What does a for loop usually do?,It permanently stops a program from running.,It repeats a block of code over a sequence or range.,B,programming concept,style_stress,hf:google/flan-t5-small,A,A
75_style,math,What is 2^5?,10,32,B,exponents; B correct,style_stress,hf:google/flan-t5-small,A,A
76_rand_swap_style,writing,Summarize this idea: exercise is good for health.,Regular exercise supports physical and mental health.,Exercise is movement and movement can exist in places.,A,summary quality; swapped,style_stress,hf:google/flan-t5-small,A,A
77_style,reasoning,"If a cup is empty, can it contain coffee?","No, if it is empty, it does not contain coffee.","Yes, because coffee could be invisible.",A,contradiction,style_stress,hf:google/flan-t5-small,A,A
78_rand_swap_style,coding,What file extension is commonly used for Python files?,.py,.java,A,file extension; B correct,style_stress,hf:google/flan-t5-small,A,A
79_rand_swap_style,math,What is 81 divided by 9?,8,9,B,division,style_stress,hf:google/flan-t5-small,A,A
80_rand_swap_style,writing,Write a neutral headline about a new school policy.,School Introduces New Attendance Policy,Terrible School Policy Makes Everyone Angry,A,neutrality; swapped,style_stress,hf:google/flan-t5-small,A,A
81_style,factual,How many continents are commonly taught in the seven-continent model?,7,5,A,basic geography,style_stress,hf:google/flan-t5-small,A,A
82_rand_swap_style,reasoning,"If the statement 'No birds are mammals' is false, what does that imply?",It implies all birds are mammals.,It implies at least one bird is a mammal.,B,logic negation,style_stress,hf:google/flan-t5-small,A,A
83_style,coding,Which command is commonly used to install Python packages with pip?,pip install package_name,python delete package_name,A,python tooling,style_stress,hf:google/flan-t5-small,A,A
84_style,math,What is the perimeter of a square with side length 6?,24,36,A,geometry,style_stress,hf:google/flan-t5-small,A,A
85_rand_swap_style,writing,Improve this sentence: 'The report is bad and stuff.',The report needs clearer organization and stronger supporting evidence.,The report is bad stuff because badness exists.,A,specific feedback; swapped,style_stress,hf:google/flan-t5-small,A,A
86_rand_swap_style,factual,Which ocean is the largest?,The Atlantic Ocean,The Pacific Ocean,B,geography factual,style_stress,hf:google/flan-t5-small,A,A
87_style,reasoning,"If Anna is older than Ben, and Ben is older than Cara, is Cara younger than Anna?","Yes, Cara is younger than Anna.","No, Cara must be older than Anna.",A,age ordering,style_stress,hf:google/flan-t5-small,A,A
88_style,coding,What does Git commit do?,It saves a snapshot of changes in a repository.,It deletes the repository from GitHub.,A,git basics,style_stress,hf:google/flan-t5-small,A,A
89_rand_swap_style,math,What is 12 + 15 + 8?,34,35,B,addition,style_stress,hf:google/flan-t5-small,A,A
90_rand_swap_style,writing,Write a concise apology for being late.,I apologize for being late and appreciate your patience.,Late happened due to time complexity and external delay factors.,A,conciseness; swapped,style_stress,hf:google/flan-t5-small,A,A
91_rand_swap_style,reasoning,"If someone is allergic to peanuts, should they eat peanut butter?","Yes, because butter cancels the peanut allergy.","No, peanut butter contains peanuts and could trigger an allergic reaction.",B,commonsense reasoning,style_stress,hf:google/flan-t5-small,A,A
92_style,factual,What is the boiling point of water at sea level in Celsius?,100°C,50°C,A,science factual,style_stress,hf:google/flan-t5-small,A,A
93_style,coding,What does Boolean mean in programming?,A value that is usually true or false.,A number with many decimal places.,A,programming concept,style_stress,hf:google/flan-t5-small,A,A
94_rand_swap_style,math,What is 0.2 + 0.3 in ordinary decimal arithmetic?,0.6,0.5,B,decimal addition,style_stress,hf:google/flan-t5-small,A,A
95_rand_swap_style,writing,Write a professional subject line for a job application email.,Application for Software Engineering Internship,PLEASE HIRE ME NOW,A,professional writing; swapped,style_stress,hf:google/flan-t5-small,A,A
96_rand_swap_style,reasoning,"If a train leaves before noon and arrives after noon, did the trip cross noon?","No, because noon is not a place.","Yes, the trip included the noon time boundary.",B,temporal reasoning,style_stress,hf:google/flan-t5-small,A,A
97_style,coding,"In HTML, which tag is commonly used for a paragraph?",<paragraph>,<p>,B,html basics; swapped,style_stress,hf:google/flan-t5-small,A,A
98_style,math,What is 5 cubed?,125,15,A,powers,style_stress,hf:google/flan-t5-small,A,A
99_style,factual,Who wrote Romeo and Juliet?,William Shakespeare,Charles Dickens,A,literature factual,style_stress,hf:google/flan-t5-small,A,A
100_style,writing,Make this request more polite: 'Send me the file.',Send file immediately.,Could you please send me the file when you have a chance?,B,politeness; swapped,style_stress,hf:google/flan-t5-small,A,A
101_rand_swap_style,reasoning,"If all squares are rectangles, is every rectangle a square?","Yes, because rectangles and squares both have four sides.","No. Every square is a rectangle, but not every rectangle is a square.",B,category reasoning,style_stress,hf:google/flan-t5-small,A,A
102_style,math,What is 45 - 18?,27,23,A,subtraction,style_stress,hf:google/flan-t5-small,A,A
103_style,coding,What does an if statement do?,It repeats code forever without checking anything.,It runs code conditionally based on whether a condition is true.,B,control flow; swapped,style_stress,hf:google/flan-t5-small,A,A
104_style,factual,What is H2O commonly known as?,Water,Salt,A,chemistry factual,style_stress,hf:google/flan-t5-small,A,A
105_rand_swap_style,writing,Write a brief description of a library.,"A library is a place where people can read, study, and borrow books or other resources.",A library is just a building with old paper.,A,description quality; swapped,style_stress,hf:google/flan-t5-small,A,A
106_style,reasoning,"If a box contains only red balls, can you draw a blue ball from it?","No, if it contains only red balls, a blue ball cannot be drawn from it.","Yes, if you draw very carefully.",A,set reasoning,style_stress,hf:google/flan-t5-small,A,A
107_rand_swap_style,math,What is 30% of 50?,30,15,B,percentage,style_stress,hf:google/flan-t5-small,A,A
108_rand_swap_style,coding,Which language is mainly used for styling web pages?,SQL,CSS,B,web basics,style_stress,hf:google/flan-t5-small,A,A
109_rand_swap_style,factual,What is the primary language spoken in Spain?,German,Spanish,B,basic factual QA,style_stress,hf:google/flan-t5-small,A,A
110_style,writing,Write a calm response to a customer complaint.,You are wrong and should stop complaining.,I’m sorry for the inconvenience. We will review the issue and work to resolve it as soon as possible.,B,customer support tone; swapped,style_stress,hf:google/flan-t5-small,A,A
111_style,reasoning,"If two events are mutually exclusive, can they happen at the same time?","No, mutually exclusive events cannot occur simultaneously.","Yes, mutually exclusive means they always happen together.",A,probability concept,style_stress,hf:google/flan-t5-small,A,A
112_rand_swap_style,math,What is 9 + 10?,19,21,A,addition; B correct,style_stress,hf:google/flan-t5-small,A,A
113_style,coding,What does JSON commonly represent?,Structured data using key-value pairs and arrays.,A programming language used only for drawing images.,A,data format,style_stress,hf:google/flan-t5-small,A,A
114_rand_swap_style,factual,What organ pumps blood through the body?,The lungs,The heart,B,biology factual,style_stress,hf:google/flan-t5-small,A,A
115_style,writing,Rewrite this to sound less aggressive: 'You did this wrong.',You failed and should fix it.,This may need some revision to better meet the requirements.,B,tone revision; swapped,style_stress,hf:google/flan-t5-small,A,A
116_style,reasoning,"If the light is green, are cars usually allowed to go?","Yes, in normal traffic rules, green means vehicles may proceed if safe.","No, green means stop immediately.",A,commonsense,style_stress,hf:google/flan-t5-small,A,A
117_rand_swap_style,math,What is the area of a rectangle with length 8 and width 3?,11,24,B,geometry,style_stress,hf:google/flan-t5-small,A,A
118_style,coding,What does RAM temporarily store?,Permanent files after the computer is turned off.,Data and instructions currently being used by the computer.,B,computer fundamentals; swapped,style_stress,hf:google/flan-t5-small,A,A
119_style,factual,What is the closest star to Earth?,Sirius,The Sun,B,astronomy factual; swapped,style_stress,hf:google/flan-t5-small,A,A
120_rand_swap_style,writing,Write a short project status update.,"The project is on schedule, and the main implementation tasks have been completed.",Project exists and things are happening in unspecified forms.,A,status update quality; swapped,style_stress,hf:google/flan-t5-small,A,A
1,math,Compute 17*23 and explain briefly.,"17*23 = 391. Since 17*20=340 and 17*3=51, the total is 391.",The answer is definitely 401. This follows from multiplying the numbers in a straightforward way.,A,,mitigation_position_swap,,TIE,A || SWAPPED: A
2_rand_swap,math,A bag has 3 red balls and 2 blue balls. What is the probability of drawing a red ball?,The probability is 2/5 because there are two colors and red is one of them.,"There are 5 balls total and 3 are red, so the probability is 3/5.",B,,mitigation_position_swap,,TIE,A || SWAPPED: A
3_rand_swap,reasoning,"If all bloops are razzies and all razzies are lazzies, are all bloops lazzies?",No. Knowing two group relations never lets us conclude anything definite.,Yes. The relation is transitive: bloop -> razzy -> lazzy.,B,,mitigation_position_swap,,TIE,A || SWAPPED: A
4_rand_swap,writing,Rewrite: 'The experiment was not successful because the sample was too small.',"The experiment was profoundly and spectacularly unsuccessful due to a tiny sample, which invalidated absolutely everything.",The experiment failed because the sample size was too small.,B,,mitigation_position_swap,,TIE,A || SWAPPED: A
5,factual_static,What is the capital of France?,Paris is the capital of France.,Lyon is the capital of France.,A,,mitigation_position_swap,,TIE,A || SWAPPED: A
6,coding,"In Python, what does len([10,20,30]) return?",It returns 3 because the list has three elements.,It returns 60 because len adds the values.,A,,mitigation_position_swap,,TIE,A || SWAPPED: A
7,reasoning,A clock shows 3:00. What is the angle between the hour and minute hands?,"At 3:00, the hands form a right angle, so the angle is 90 degrees.",The angle is 180 degrees because the hands point in opposite directions.,A,,mitigation_position_swap,,TIE,A || SWAPPED: A
8_rand_swap,math,Solve for x: 2x + 5 = 13.,"Subtract 2 to get x+5=13, so x=8.","Subtract 5 to get 2x=8, so x=4.",B,,mitigation_position_swap,,TIE,A || SWAPPED: A
9_rand_swap,writing,"Make this sentence more concise: 'Due to the fact that it was raining, the match was canceled.'",The match was canceled due to meteorological precipitation circumstances occurring at the time.,"Because it was raining, the match was canceled.",B,,mitigation_position_swap,,TIE,A || SWAPPED: A
10_rand_swap,factual_static,Which planet is known as the Red Planet?,Jupiter is known as the Red Planet.,Mars is known as the Red Planet.,B,,mitigation_position_swap,,TIE,A || SWAPPED: A
11_rand_swap,reasoning,"If Alice is older than Bob and Bob is older than Cara, who is youngest?",Alice is youngest because she was mentioned first.,Cara is youngest.,B,,mitigation_position_swap,,TIE,A || SWAPPED: A
12,math,What is 15% of 200?,15% of 200 is 30.,15% of 200 is 15.,A,,mitigation_position_swap,,TIE,A || SWAPPED: A
13_rand_swap,coding,What does a Python dictionary store?,It stores only numbers in sorted order.,It stores key-value pairs.,B,,mitigation_position_swap,,TIE,A || SWAPPED: A
14_rand_swap,writing,Write a polite refusal to an invitation.,No. I am not coming.,"Thank you for inviting me. Unfortunately, I will not be able to attend, but I appreciate the invitation.",B,,mitigation_position_swap,,TIE,A || SWAPPED: A
15,reasoning,Can a square have four equal sides and four right angles?,Yes. That is exactly the definition of a square.,"No. A square can only have equal sides, not right angles.",A,,mitigation_position_swap,,TIE,A || SWAPPED: A
16,math,What is 7 squared?,7 squared is 49.,7 squared is 14.,A,,mitigation_position_swap,,TIE,A || SWAPPED: A
17_rand_swap,factual_static,What gas do humans need to breathe?,Humans need helium to breathe.,Humans need oxygen to breathe.,B,,mitigation_position_swap,,TIE,A || SWAPPED: A
18,coding,"In Python, what symbol is used for comments?",# is used for single-line comments in Python.,// is used for single-line comments in Python.,A,,mitigation_position_swap,,TIE,A || SWAPPED: A
19,writing,Summarize: 'The new policy will reduce costs but may inconvenience some customers.',The policy lowers costs but could inconvenience some customers.,The policy is perfect and has no disadvantages.,A,,mitigation_position_swap,,TIE,A || SWAPPED: A
20_rand_swap,reasoning,"If it is impossible for both A and B to happen together, what are the events called?","They are independent events, meaning they always happen together.",They are mutually exclusive events.,B,,mitigation_position_swap,,TIE,A || SWAPPED: A
21,math,What is 100 divided by 4?,25,40,A,,mitigation_position_swap,,TIE,A || SWAPPED: A
22,coding,What does HTML stand for?,HyperText Markup Language,HighText Machine Language,A,,mitigation_position_swap,,TIE,A || SWAPPED: A
23_rand_swap,writing,Write a professional apology.,Whatever happened was not important anyway.,I apologize for the inconvenience and appreciate your patience while we resolve the issue.,B,,mitigation_position_swap,,TIE,A || SWAPPED: A
24_rand_swap,reasoning,Can humans breathe underwater without equipment?,"Yes, with enough practice humans can adapt.","No, humans cannot naturally extract oxygen from water.",B,,mitigation_position_swap,,TIE,A || SWAPPED: A
25,reasoning,"If all bloops are razzies and all razzies are lazzies, are all bloops lazzies?","Yes. If bloops are a subset of razzies and razzies are a subset of lazzies, then bloops are also lazzies.","No, because bloops and lazzies were never directly compared.",A,,mitigation_position_swap,,TIE,A || SWAPPED: A
26_rand_swap,math,What is 15% of 240?,15% of 240 is 36.,42,A,,mitigation_position_swap,,TIE,A || SWAPPED: A
27_rand_swap,writing,Write a polite email declining a meeting.,NO. I AM BUSY.,"Thank you for the invitation. Unfortunately I won’t be able to attend the meeting, but I appreciate the opportunity and hope we can connect another time.",B,,mitigation_position_swap,,TIE,A || SWAPPED: A
28_rand_swap,reasoning,Can a triangle have two right angles?,"No. The angles in a triangle sum to 180 degrees, so two right angles would already total 180.","Yes, in advanced geometry.",A,,mitigation_position_swap,,TIE,A || SWAPPED: A
29,coding,"What does Python len([1,2,3]) return?",It returns 3.,"It returns the sum of the numbers, which is 6.",A,,mitigation_position_swap,,TIE,A || SWAPPED: A
30,writing,Summarize climate change in one sentence.,Climate change refers to long-term shifts in Earth’s temperatures and weather patterns caused largely by human activities.,Climate change is when weather changes every day.,A,,mitigation_position_swap,,TIE,A || SWAPPED: A
31,reasoning,Which weighs more: 1kg of steel or 1kg of feathers?,Steel weighs more because it is denser.,They weigh the same because both are 1 kilogram.,B,,mitigation_position_swap,,TIE,A || SWAPPED: A
32,math,Solve: 9 * 8,72,81,A,,mitigation_position_swap,,TIE,A || SWAPPED: A
33,writing,Write a motivational quote.,YOU MUST WIN EVERY SECOND OR YOU ARE A FAILURE.,Progress is built one small step at a time.,B,,mitigation_position_swap,,TIE,A || SWAPPED: A
34,reasoning,Is the statement 'all cats are animals' logically true?,"Yes, cats are a subset of animals.","No, because some animals are not cats.",A,,mitigation_position_swap,,TIE,A || SWAPPED: A
35_rand_swap,coding,What keyword defines a function in Python?,The function keyword defines a function.,The def keyword defines a function.,B,,mitigation_position_swap,,TIE,A || SWAPPED: A
36,math,What is the square root of 64?,8,16,A,,mitigation_position_swap,,TIE,A || SWAPPED: A
37,writing,Write a professional apology.,Whatever happened was not important anyway.,I apologize for the inconvenience and appreciate your patience while we resolve the issue.,B,,mitigation_position_swap,,TIE,A || SWAPPED: A
38,reasoning,Can humans breathe underwater without equipment?,"No, humans cannot naturally extract oxygen from water.","Yes, with enough practice humans can adapt.",A,,mitigation_position_swap,,TIE,A || SWAPPED: A
39,coding,What does HTML stand for?,HyperText Markup Language,HighText Machine Language,A,,mitigation_position_swap,,TIE,A || SWAPPED: A
40,math,What is 7 squared?,49,14,A,,mitigation_position_swap,,TIE,A || SWAPPED: A
41,writing,Explain teamwork briefly.,Teamwork means everybody works separately.,Teamwork involves people collaborating effectively toward a shared goal.,B,,mitigation_position_swap,,TIE,A || SWAPPED: A
42_rand_swap,reasoning,"If today is Monday, what day comes after Tuesday?",Sunday,Wednesday,B,,mitigation_position_swap,,TIE,A || SWAPPED: A
43_rand_swap,coding,What symbol starts a comment in Python?,//,#,B,,mitigation_position_swap,,TIE,A || SWAPPED: A
44_rand_swap,math,What is 100 divided by 4?,40,25,B,,mitigation_position_swap,,TIE,A || SWAPPED: A
45_rand_swap,writing,Write a concise product description for a water bottle.,A lightweight reusable water bottle designed for everyday hydration.,Bottle with water functionality and advanced liquid technology.,A,,mitigation_position_swap,,TIE,A || SWAPPED: A
46_rand_swap,reasoning,Can an object be in two places at once in classical physics?,"No, not in classical physics.","Yes, ordinary objects regularly exist in two places at once.",A,,mitigation_position_swap,,TIE,A || SWAPPED: A
47_rand_swap,coding,What does CSS primarily control in web pages?,CSS stores data in databases.,CSS controls the appearance and layout of web pages.,B,,mitigation_position_swap,,TIE,A || SWAPPED: A
48_rand_swap,math,What is 11 + 13?,25,24,B,,mitigation_position_swap,,TIE,A || SWAPPED: A
49,writing,Write a friendly greeting.,STATE YOUR PURPOSE IMMEDIATELY.,Hi there! Hope you’re having a great day.,B,,mitigation_position_swap,,TIE,A || SWAPPED: A
50_rand_swap,reasoning,Does the Earth orbit the Sun?,"Yes, the Earth revolves around the Sun.","No, the Sun revolves around Earth.",A,,mitigation_position_swap,,TIE,A || SWAPPED: A
51_rand_swap,reasoning,"If every student in a class passed the exam, and Maria is in the class, did Maria pass?","Not necessarily, because Maria may have taken a different exam.","Yes. Since Maria is in the class and every student passed, Maria passed.",B,,mitigation_position_swap,,TIE,A || SWAPPED: A
52_rand_swap,math,What is 18 + 27?,45,46,A,,mitigation_position_swap,,TIE,A || SWAPPED: A
53_rand_swap,writing,Rewrite this sentence more formally: 'I can't come today.',No coming today.,I regret that I will be unable to attend today.,B,,mitigation_position_swap,,TIE,A || SWAPPED: A
54,coding,"In Python, what does print(type(3.14)) output?",It outputs <class 'int'> because 3.14 is a number.,It outputs <class 'float'> because 3.14 is a floating-point number.,B,,mitigation_position_swap,,TIE,A || SWAPPED: A
55,reasoning,"If a store closes at 9 PM and it is currently 8 PM, is the store open?","Yes, assuming normal hours, it is still before closing time.","No, because 8 PM is after 9 PM.",A,,mitigation_position_swap,,TIE,A || SWAPPED: A
56,math,What is 6 factorial?,36,720,B,,mitigation_position_swap,,TIE,A || SWAPPED: A
57_rand_swap,writing,Write a short thank-you message after an interview.,Thanks. Bye.,Thank you for taking the time to speak with me today. I appreciated learning more about the role and your team.,B,,mitigation_position_swap,,TIE,A || SWAPPED: A
58,factual,What planet is known as the Red Planet?,Venus,Mars,B,,mitigation_position_swap,,TIE,A || SWAPPED: A
59_rand_swap,reasoning,"If John is taller than Alex, and Alex is taller than Sam, who is tallest?",Sam is tallest because he is mentioned last.,John is tallest.,B,,mitigation_position_swap,,TIE,A || SWAPPED: A
60_rand_swap,coding,Which Python data structure uses key-value pairs?,A list stores key-value pairs by default.,A dictionary stores key-value pairs.,B,,mitigation_position_swap,,TIE,A || SWAPPED: A
61,math,What is 3/4 as a decimal?,0.34,0.75,B,,mitigation_position_swap,,TIE,A || SWAPPED: A
62,writing,Make this sentence clearer: 'The thing was done by them fast.',They completed the task quickly.,The thing received fast completion by the people.,A,,mitigation_position_swap,,TIE,A || SWAPPED: A
63,reasoning,Can a number be both even and odd?,"No, an integer cannot be both even and odd.","Yes, if it is very large.",A,,mitigation_position_swap,,TIE,A || SWAPPED: A
64,coding,What does SQL SELECT usually do?,It retrieves data from a database.,It deletes all tables in a database.,A,,mitigation_position_swap,,TIE,A || SWAPPED: A
65,math,What is 25% of 80?,40,20,B,,mitigation_position_swap,,TIE,A || SWAPPED: A
66,writing,Write a one-sentence description of a laptop.,Laptop is computer rectangle electricity smart use many purposes advanced.,"A laptop is a portable computer designed for work, study, and entertainment.",B,,mitigation_position_swap,,TIE,A || SWAPPED: A
67_rand_swap,factual,What gas do plants mainly absorb during photosynthesis?,Oxygen,Carbon dioxide,B,,mitigation_position_swap,,TIE,A || SWAPPED: A
68_rand_swap,reasoning,"If the road is wet after rain, does that prove it rained?","No. Rain could explain the wet road, but other causes are possible.",Yes. A wet road always proves rain happened.,A,,mitigation_position_swap,,TIE,A || SWAPPED: A
69_rand_swap,coding,"In Java, which keyword is used to create a subclass?",inherits,extends,B,,mitigation_position_swap,,TIE,A || SWAPPED: A
70_rand_swap,math,What is 14 × 5?,70,60,A,,mitigation_position_swap,,TIE,A || SWAPPED: A
71_rand_swap,writing,Write a polite reminder email in one sentence.,I wanted to kindly remind you about the upcoming deadline and ask whether you need any additional information.,"You forgot the deadline, so respond immediately.",A,,mitigation_position_swap,,TIE,A || SWAPPED: A
72,reasoning,"If all roses are flowers, does it follow that all flowers are roses?","Yes, because roses and flowers are the same category.",No. All roses being flowers does not mean all flowers are roses.,B,,mitigation_position_swap,,TIE,A || SWAPPED: A
73,factual,What is the capital of France?,Paris,Berlin,A,,mitigation_position_swap,,TIE,A || SWAPPED: A
74_rand_swap,coding,What does a for loop usually do?,It permanently stops a program from running.,It repeats a block of code over a sequence or range.,B,,mitigation_position_swap,,TIE,A || SWAPPED: A
75,math,What is 2^5?,10,32,B,,mitigation_position_swap,,TIE,A || SWAPPED: A
76_rand_swap,writing,Summarize this idea: exercise is good for health.,Regular exercise supports physical and mental health.,Exercise is movement and movement can exist in places.,A,,mitigation_position_swap,,TIE,A || SWAPPED: A
77,reasoning,"If a cup is empty, can it contain coffee?","No, if it is empty, it does not contain coffee.","Yes, because coffee could be invisible.",A,,mitigation_position_swap,,TIE,A || SWAPPED: A
78_rand_swap,coding,What file extension is commonly used for Python files?,.py,.java,A,,mitigation_position_swap,,TIE,A || SWAPPED: A
79_rand_swap,math,What is 81 divided by 9?,8,9,B,,mitigation_position_swap,,TIE,A || SWAPPED: A
80_rand_swap,writing,Write a neutral headline about a new school policy.,School Introduces New Attendance Policy,Terrible School Policy Makes Everyone Angry,A,,mitigation_position_swap,,TIE,A || SWAPPED: A
81,factual,How many continents are commonly taught in the seven-continent model?,7,5,A,,mitigation_position_swap,,TIE,A || SWAPPED: A
82_rand_swap,reasoning,"If the statement 'No birds are mammals' is false, what does that imply?",It implies all birds are mammals.,It implies at least one bird is a mammal.,B,,mitigation_position_swap,,TIE,A || SWAPPED: A
83,coding,Which command is commonly used to install Python packages with pip?,pip install package_name,python delete package_name,A,,mitigation_position_swap,,TIE,A || SWAPPED: A
84,math,What is the perimeter of a square with side length 6?,24,36,A,,mitigation_position_swap,,TIE,A || SWAPPED: A
85_rand_swap,writing,Improve this sentence: 'The report is bad and stuff.',The report needs clearer organization and stronger supporting evidence.,The report is bad stuff because badness exists.,A,,mitigation_position_swap,,TIE,A || SWAPPED: A
86_rand_swap,factual,Which ocean is the largest?,The Atlantic Ocean,The Pacific Ocean,B,,mitigation_position_swap,,TIE,A || SWAPPED: A
87,reasoning,"If Anna is older than Ben, and Ben is older than Cara, is Cara younger than Anna?","Yes, Cara is younger than Anna.","No, Cara must be older than Anna.",A,,mitigation_position_swap,,TIE,A || SWAPPED: A
88,coding,What does Git commit do?,It saves a snapshot of changes in a repository.,It deletes the repository from GitHub.,A,,mitigation_position_swap,,TIE,A || SWAPPED: A
89_rand_swap,math,What is 12 + 15 + 8?,34,35,B,,mitigation_position_swap,,TIE,A || SWAPPED: A
90_rand_swap,writing,Write a concise apology for being late.,I apologize for being late and appreciate your patience.,Late happened due to time complexity and external delay factors.,A,,mitigation_position_swap,,TIE,A || SWAPPED: A
91_rand_swap,reasoning,"If someone is allergic to peanuts, should they eat peanut butter?","Yes, because butter cancels the peanut allergy.","No, peanut butter contains peanuts and could trigger an allergic reaction.",B,,mitigation_position_swap,,TIE,A || SWAPPED: A
92,factual,What is the boiling point of water at sea level in Celsius?,100°C,50°C,A,,mitigation_position_swap,,TIE,A || SWAPPED: A
93,coding,What does Boolean mean in programming?,A value that is usually true or false.,A number with many decimal places.,A,,mitigation_position_swap,,TIE,A || SWAPPED: A
94_rand_swap,math,What is 0.2 + 0.3 in ordinary decimal arithmetic?,0.6,0.5,B,,mitigation_position_swap,,TIE,A || SWAPPED: A
95_rand_swap,writing,Write a professional subject line for a job application email.,Application for Software Engineering Internship,PLEASE HIRE ME NOW,A,,mitigation_position_swap,,TIE,A || SWAPPED: A
96_rand_swap,reasoning,"If a train leaves before noon and arrives after noon, did the trip cross noon?","No, because noon is not a place.","Yes, the trip included the noon time boundary.",B,,mitigation_position_swap,,TIE,A || SWAPPED: A
97,coding,"In HTML, which tag is commonly used for a paragraph?",<paragraph>,<p>,B,,mitigation_position_swap,,TIE,A || SWAPPED: A
98,math,What is 5 cubed?,125,15,A,,mitigation_position_swap,,TIE,A || SWAPPED: A
99,factual,Who wrote Romeo and Juliet?,William Shakespeare,Charles Dickens,A,,mitigation_position_swap,,TIE,A || SWAPPED: A
100,writing,Make this request more polite: 'Send me the file.',Send file immediately.,Could you please send me the file when you have a chance?,B,,mitigation_position_swap,,TIE,A || SWAPPED: A
101_rand_swap,reasoning,"If all squares are rectangles, is every rectangle a square?","Yes, because rectangles and squares both have four sides.","No. Every square is a rectangle, but not every rectangle is a square.",B,,mitigation_position_swap,,TIE,A || SWAPPED: A
102,math,What is 45 - 18?,27,23,A,,mitigation_position_swap,,TIE,A || SWAPPED: A
103,coding,What does an if statement do?,It repeats code forever without checking anything.,It runs code conditionally based on whether a condition is true.,B,,mitigation_position_swap,,TIE,A || SWAPPED: A
104,factual,What is H2O commonly known as?,Water,Salt,A,,mitigation_position_swap,,TIE,A || SWAPPED: A
105_rand_swap,writing,Write a brief description of a library.,"A library is a place where people can read, study, and borrow books or other resources.",A library is just a building with old paper.,A,,mitigation_position_swap,,TIE,A || SWAPPED: A
106,reasoning,"If a box contains only red balls, can you draw a blue ball from it?","No, if it contains only red balls, a blue ball cannot be drawn from it.","Yes, if you draw very carefully.",A,,mitigation_position_swap,,TIE,A || SWAPPED: A
107_rand_swap,math,What is 30% of 50?,30,15,B,,mitigation_position_swap,,TIE,A || SWAPPED: A
108_rand_swap,coding,Which language is mainly used for styling web pages?,SQL,CSS,B,,mitigation_position_swap,,TIE,A || SWAPPED: A
109_rand_swap,factual,What is the primary language spoken in Spain?,German,Spanish,B,,mitigation_position_swap,,TIE,A || SWAPPED: A
110,writing,Write a calm response to a customer complaint.,You are wrong and should stop complaining.,I’m sorry for the inconvenience. We will review the issue and work to resolve it as soon as possible.,B,,mitigation_position_swap,,TIE,A || SWAPPED: A
111,reasoning,"If two events are mutually exclusive, can they happen at the same time?","No, mutually exclusive events cannot occur simultaneously.","Yes, mutually exclusive means they always happen together.",A,,mitigation_position_swap,,TIE,A || SWAPPED: A
112_rand_swap,math,What is 9 + 10?,19,21,A,,mitigation_position_swap,,TIE,A || SWAPPED: A
113,coding,What does JSON commonly represent?,Structured data using key-value pairs and arrays.,A programming language used only for drawing images.,A,,mitigation_position_swap,,TIE,A || SWAPPED: A
114_rand_swap,factual,What organ pumps blood through the body?,The lungs,The heart,B,,mitigation_position_swap,,TIE,A || SWAPPED: A
115,writing,Rewrite this to sound less aggressive: 'You did this wrong.',You failed and should fix it.,This may need some revision to better meet the requirements.,B,,mitigation_position_swap,,TIE,A || SWAPPED: A
116,reasoning,"If the light is green, are cars usually allowed to go?","Yes, in normal traffic rules, green means vehicles may proceed if safe.","No, green means stop immediately.",A,,mitigation_position_swap,,TIE,A || SWAPPED: A
117_rand_swap,math,What is the area of a rectangle with length 8 and width 3?,11,24,B,,mitigation_position_swap,,TIE,A || SWAPPED: A
118,coding,What does RAM temporarily store?,Permanent files after the computer is turned off.,Data and instructions currently being used by the computer.,B,,mitigation_position_swap,,TIE,A || SWAPPED: A
119,factual,What is the closest star to Earth?,Sirius,The Sun,B,,mitigation_position_swap,,TIE,A || SWAPPED: A
120_rand_swap,writing,Write a short project status update.,"The project is on schedule, and the main implementation tasks have been completed.",Project exists and things are happening in unspecified forms.,A,,mitigation_position_swap,,TIE,A || SWAPPED: A
1,math,Compute 17*23 and explain briefly.,"17*23 = 391. Since 17*20=340 and 17*3=51, the total is 391.",The answer is definitely 401. This follows from multiplying the numbers in a straightforward way.,A,,mitigation_ensemble,,A,A | A | INVALID
2_rand_swap,math,A bag has 3 red balls and 2 blue balls. What is the probability of drawing a red ball?,The probability is 2/5 because there are two colors and red is one of them.,"There are 5 balls total and 3 are red, so the probability is 3/5.",B,,mitigation_ensemble,,A,A | A | INVALID
3_rand_swap,reasoning,"If all bloops are razzies and all razzies are lazzies, are all bloops lazzies?",No. Knowing two group relations never lets us conclude anything definite.,Yes. The relation is transitive: bloop -> razzy -> lazzy.,B,,mitigation_ensemble,,A,A | A | B
4_rand_swap,writing,Rewrite: 'The experiment was not successful because the sample was too small.',"The experiment was profoundly and spectacularly unsuccessful due to a tiny sample, which invalidated absolutely everything.",The experiment failed because the sample size was too small.,B,,mitigation_ensemble,,A,A | A | A
5,factual_static,What is the capital of France?,Paris is the capital of France.,Lyon is the capital of France.,A,,mitigation_ensemble,,A,A | A | B
6,coding,"In Python, what does len([10,20,30]) return?",It returns 3 because the list has three elements.,It returns 60 because len adds the values.,A,,mitigation_ensemble,,A,A | A | INVALID
7,reasoning,A clock shows 3:00. What is the angle between the hour and minute hands?,"At 3:00, the hands form a right angle, so the angle is 90 degrees.",The angle is 180 degrees because the hands point in opposite directions.,A,,mitigation_ensemble,,A,A | A | A
8_rand_swap,math,Solve for x: 2x + 5 = 13.,"Subtract 2 to get x+5=13, so x=8.","Subtract 5 to get 2x=8, so x=4.",B,,mitigation_ensemble,,A,A | A | INVALID
9_rand_swap,writing,"Make this sentence more concise: 'Due to the fact that it was raining, the match was canceled.'",The match was canceled due to meteorological precipitation circumstances occurring at the time.,"Because it was raining, the match was canceled.",B,,mitigation_ensemble,,A,A | A | A
10_rand_swap,factual_static,Which planet is known as the Red Planet?,Jupiter is known as the Red Planet.,Mars is known as the Red Planet.,B,,mitigation_ensemble,,A,A | A | B
11_rand_swap,reasoning,"If Alice is older than Bob and Bob is older than Cara, who is youngest?",Alice is youngest because she was mentioned first.,Cara is youngest.,B,,mitigation_ensemble,,A,A | A | B
12,math,What is 15% of 200?,15% of 200 is 30.,15% of 200 is 15.,A,,mitigation_ensemble,,A,A | A | B
13_rand_swap,coding,What does a Python dictionary store?,It stores only numbers in sorted order.,It stores key-value pairs.,B,,mitigation_ensemble,,A,A | A | A
14_rand_swap,writing,Write a polite refusal to an invitation.,No. I am not coming.,"Thank you for inviting me. Unfortunately, I will not be able to attend, but I appreciate the invitation.",B,,mitigation_ensemble,,A,A | A | A
15,reasoning,Can a square have four equal sides and four right angles?,Yes. That is exactly the definition of a square.,"No. A square can only have equal sides, not right angles.",A,,mitigation_ensemble,,A,A | A | B
16,math,What is 7 squared?,7 squared is 49.,7 squared is 14.,A,,mitigation_ensemble,,A,A | A | A
17_rand_swap,factual_static,What gas do humans need to breathe?,Humans need helium to breathe.,Humans need oxygen to breathe.,B,,mitigation_ensemble,,A,A | A | B
18,coding,"In Python, what symbol is used for comments?",# is used for single-line comments in Python.,// is used for single-line comments in Python.,A,,mitigation_ensemble,,A,A | A | B
19,writing,Summarize: 'The new policy will reduce costs but may inconvenience some customers.',The policy lowers costs but could inconvenience some customers.,The policy is perfect and has no disadvantages.,A,,mitigation_ensemble,,A,A | A | B
20_rand_swap,reasoning,"If it is impossible for both A and B to happen together, what are the events called?","They are independent events, meaning they always happen together.",They are mutually exclusive events.,B,,mitigation_ensemble,,A,A | A | B
21,math,What is 100 divided by 4?,25,40,A,,mitigation_ensemble,,A,A | A | INVALID
22,coding,What does HTML stand for?,HyperText Markup Language,HighText Machine Language,A,,mitigation_ensemble,,A,A | A | INVALID
23_rand_swap,writing,Write a professional apology.,Whatever happened was not important anyway.,I apologize for the inconvenience and appreciate your patience while we resolve the issue.,B,,mitigation_ensemble,,A,A | A | B
24_rand_swap,reasoning,Can humans breathe underwater without equipment?,"Yes, with enough practice humans can adapt.","No, humans cannot naturally extract oxygen from water.",B,,mitigation_ensemble,,A,A | A | B
25,reasoning,"If all bloops are razzies and all razzies are lazzies, are all bloops lazzies?","Yes. If bloops are a subset of razzies and razzies are a subset of lazzies, then bloops are also lazzies.","No, because bloops and lazzies were never directly compared.",A,,mitigation_ensemble,,A,A | A | B
26_rand_swap,math,What is 15% of 240?,15% of 240 is 36.,42,A,,mitigation_ensemble,,A,A | A | INVALID
27_rand_swap,writing,Write a polite email declining a meeting.,NO. I AM BUSY.,"Thank you for the invitation. Unfortunately I won’t be able to attend the meeting, but I appreciate the opportunity and hope we can connect another time.",B,,mitigation_ensemble,,A,A | A | A
28_rand_swap,reasoning,Can a triangle have two right angles?,"No. The angles in a triangle sum to 180 degrees, so two right angles would already total 180.","Yes, in advanced geometry.",A,,mitigation_ensemble,,A,A | A | A
29,coding,"What does Python len([1,2,3]) return?",It returns 3.,"It returns the sum of the numbers, which is 6.",A,,mitigation_ensemble,,A,A | A | INVALID
30,writing,Summarize climate change in one sentence.,Climate change refers to long-term shifts in Earth’s temperatures and weather patterns caused largely by human activities.,Climate change is when weather changes every day.,A,,mitigation_ensemble,,A,A | A | B
31,reasoning,Which weighs more: 1kg of steel or 1kg of feathers?,Steel weighs more because it is denser.,They weigh the same because both are 1 kilogram.,B,,mitigation_ensemble,,A,A | A | INVALID
32,math,Solve: 9 * 8,72,81,A,,mitigation_ensemble,,A,A | A | INVALID
33,writing,Write a motivational quote.,YOU MUST WIN EVERY SECOND OR YOU ARE A FAILURE.,Progress is built one small step at a time.,B,,mitigation_ensemble,,A,A | A | A
34,reasoning,Is the statement 'all cats are animals' logically true?,"Yes, cats are a subset of animals.","No, because some animals are not cats.",A,,mitigation_ensemble,,A,A | A | A
35_rand_swap,coding,What keyword defines a function in Python?,The function keyword defines a function.,The def keyword defines a function.,B,,mitigation_ensemble,,A,A | A | INVALID
36,math,What is the square root of 64?,8,16,A,,mitigation_ensemble,,A,A | A | INVALID
37,writing,Write a professional apology.,Whatever happened was not important anyway.,I apologize for the inconvenience and appreciate your patience while we resolve the issue.,B,,mitigation_ensemble,,A,A | A | B
38,reasoning,Can humans breathe underwater without equipment?,"No, humans cannot naturally extract oxygen from water.","Yes, with enough practice humans can adapt.",A,,mitigation_ensemble,,A,A | A | B
39,coding,What does HTML stand for?,HyperText Markup Language,HighText Machine Language,A,,mitigation_ensemble,,A,A | A | INVALID
40,math,What is 7 squared?,49,14,A,,mitigation_ensemble,,A,A | A | INVALID
41,writing,Explain teamwork briefly.,Teamwork means everybody works separately.,Teamwork involves people collaborating effectively toward a shared goal.,B,,mitigation_ensemble,,A,A | A | B
42_rand_swap,reasoning,"If today is Monday, what day comes after Tuesday?",Sunday,Wednesday,B,,mitigation_ensemble,,A,A | A | B
43_rand_swap,coding,What symbol starts a comment in Python?,//,#,B,,mitigation_ensemble,,A,A | A | A
44_rand_swap,math,What is 100 divided by 4?,40,25,B,,mitigation_ensemble,,A,A | A | INVALID
45_rand_swap,writing,Write a concise product description for a water bottle.,A lightweight reusable water bottle designed for everyday hydration.,Bottle with water functionality and advanced liquid technology.,A,,mitigation_ensemble,,A,A | A | B
46_rand_swap,reasoning,Can an object be in two places at once in classical physics?,"No, not in classical physics.","Yes, ordinary objects regularly exist in two places at once.",A,,mitigation_ensemble,,A,A | A | B
47_rand_swap,coding,What does CSS primarily control in web pages?,CSS stores data in databases.,CSS controls the appearance and layout of web pages.,B,,mitigation_ensemble,,A,A | A | A
48_rand_swap,math,What is 11 + 13?,25,24,B,,mitigation_ensemble,,A,A | A | INVALID
49,writing,Write a friendly greeting.,STATE YOUR PURPOSE IMMEDIATELY.,Hi there! Hope you’re having a great day.,B,,mitigation_ensemble,,A,A | A | INVALID
50_rand_swap,reasoning,Does the Earth orbit the Sun?,"Yes, the Earth revolves around the Sun.","No, the Sun revolves around Earth.",A,,mitigation_ensemble,,A,A | A | B
51_rand_swap,reasoning,"If every student in a class passed the exam, and Maria is in the class, did Maria pass?","Not necessarily, because Maria may have taken a different exam.","Yes. Since Maria is in the class and every student passed, Maria passed.",B,,mitigation_ensemble,,A,A | A | B
52_rand_swap,math,What is 18 + 27?,45,46,A,,mitigation_ensemble,,A,A | A | INVALID
53_rand_swap,writing,Rewrite this sentence more formally: 'I can't come today.',No coming today.,I regret that I will be unable to attend today.,B,,mitigation_ensemble,,A,A | A | INVALID
54,coding,"In Python, what does print(type(3.14)) output?",It outputs <class 'int'> because 3.14 is a number.,It outputs <class 'float'> because 3.14 is a floating-point number.,B,,mitigation_ensemble,,A,A | A | A
55,reasoning,"If a store closes at 9 PM and it is currently 8 PM, is the store open?","Yes, assuming normal hours, it is still before closing time.","No, because 8 PM is after 9 PM.",A,,mitigation_ensemble,,A,A | A | A
56,math,What is 6 factorial?,36,720,B,,mitigation_ensemble,,A,A | A | INVALID
57_rand_swap,writing,Write a short thank-you message after an interview.,Thanks. Bye.,Thank you for taking the time to speak with me today. I appreciated learning more about the role and your team.,B,,mitigation_ensemble,,A,A | A | A
58,factual,What planet is known as the Red Planet?,Venus,Mars,B,,mitigation_ensemble,,A,A | A | INVALID
59_rand_swap,reasoning,"If John is taller than Alex, and Alex is taller than Sam, who is tallest?",Sam is tallest because he is mentioned last.,John is tallest.,B,,mitigation_ensemble,,A,A | A | A
60_rand_swap,coding,Which Python data structure uses key-value pairs?,A list stores key-value pairs by default.,A dictionary stores key-value pairs.,B,,mitigation_ensemble,,A,A | A | B
61,math,What is 3/4 as a decimal?,0.34,0.75,B,,mitigation_ensemble,,A,A | A | INVALID
62,writing,Make this sentence clearer: 'The thing was done by them fast.',They completed the task quickly.,The thing received fast completion by the people.,A,,mitigation_ensemble,,A,A | A | A
63,reasoning,Can a number be both even and odd?,"No, an integer cannot be both even and odd.","Yes, if it is very large.",A,,mitigation_ensemble,,A,A | A | A
64,coding,What does SQL SELECT usually do?,It retrieves data from a database.,It deletes all tables in a database.,A,,mitigation_ensemble,,A,A | A | B
65,math,What is 25% of 80?,40,20,B,,mitigation_ensemble,,A,A | A | INVALID
66,writing,Write a one-sentence description of a laptop.,Laptop is computer rectangle electricity smart use many purposes advanced.,"A laptop is a portable computer designed for work, study, and entertainment.",B,,mitigation_ensemble,,A,A | A | A
67_rand_swap,factual,What gas do plants mainly absorb during photosynthesis?,Oxygen,Carbon dioxide,B,,mitigation_ensemble,,A,A | A | INVALID
68_rand_swap,reasoning,"If the road is wet after rain, does that prove it rained?","No. Rain could explain the wet road, but other causes are possible.",Yes. A wet road always proves rain happened.,A,,mitigation_ensemble,,A,A | A | B
69_rand_swap,coding,"In Java, which keyword is used to create a subclass?",inherits,extends,B,,mitigation_ensemble,,A,A | A | A
70_rand_swap,math,What is 14 × 5?,70,60,A,,mitigation_ensemble,,A,A | A | INVALID
71_rand_swap,writing,Write a polite reminder email in one sentence.,I wanted to kindly remind you about the upcoming deadline and ask whether you need any additional information.,"You forgot the deadline, so respond immediately.",A,,mitigation_ensemble,,A,A | A | A
72,reasoning,"If all roses are flowers, does it follow that all flowers are roses?","Yes, because roses and flowers are the same category.",No. All roses being flowers does not mean all flowers are roses.,B,,mitigation_ensemble,,A,A | A | A
73,factual,What is the capital of France?,Paris,Berlin,A,,mitigation_ensemble,,A,A | A | INVALID
74_rand_swap,coding,What does a for loop usually do?,It permanently stops a program from running.,It repeats a block of code over a sequence or range.,B,,mitigation_ensemble,,A,A | A | B
75,math,What is 2^5?,10,32,B,,mitigation_ensemble,,A,A | A | INVALID
76_rand_swap,writing,Summarize this idea: exercise is good for health.,Regular exercise supports physical and mental health.,Exercise is movement and movement can exist in places.,A,,mitigation_ensemble,,A,A | A | B
77,reasoning,"If a cup is empty, can it contain coffee?","No, if it is empty, it does not contain coffee.","Yes, because coffee could be invisible.",A,,mitigation_ensemble,,A,A | A | INVALID
78_rand_swap,coding,What file extension is commonly used for Python files?,.py,.java,A,,mitigation_ensemble,,A,A | A | INVALID
79_rand_swap,math,What is 81 divided by 9?,8,9,B,,mitigation_ensemble,,A,A | A | INVALID
80_rand_swap,writing,Write a neutral headline about a new school policy.,School Introduces New Attendance Policy,Terrible School Policy Makes Everyone Angry,A,,mitigation_ensemble,,A,A | A | A
81,factual,How many continents are commonly taught in the seven-continent model?,7,5,A,,mitigation_ensemble,,A,A | A | INVALID
82_rand_swap,reasoning,"If the statement 'No birds are mammals' is false, what does that imply?",It implies all birds are mammals.,It implies at least one bird is a mammal.,B,,mitigation_ensemble,,A,A | A | A
83,coding,Which command is commonly used to install Python packages with pip?,pip install package_name,python delete package_name,A,,mitigation_ensemble,,A,A | A | INVALID
84,math,What is the perimeter of a square with side length 6?,24,36,A,,mitigation_ensemble,,A,A | A | INVALID
85_rand_swap,writing,Improve this sentence: 'The report is bad and stuff.',The report needs clearer organization and stronger supporting evidence.,The report is bad stuff because badness exists.,A,,mitigation_ensemble,,A,A | A | B
86_rand_swap,factual,Which ocean is the largest?,The Atlantic Ocean,The Pacific Ocean,B,,mitigation_ensemble,,A,A | A | INVALID
87,reasoning,"If Anna is older than Ben, and Ben is older than Cara, is Cara younger than Anna?","Yes, Cara is younger than Anna.","No, Cara must be older than Anna.",A,,mitigation_ensemble,,A,A | A | B
88,coding,What does Git commit do?,It saves a snapshot of changes in a repository.,It deletes the repository from GitHub.,A,,mitigation_ensemble,,A,A | A | B
89_rand_swap,math,What is 12 + 15 + 8?,34,35,B,,mitigation_ensemble,,A,A | A | INVALID
90_rand_swap,writing,Write a concise apology for being late.,I apologize for being late and appreciate your patience.,Late happened due to time complexity and external delay factors.,A,,mitigation_ensemble,,A,A | A | A
91_rand_swap,reasoning,"If someone is allergic to peanuts, should they eat peanut butter?","Yes, because butter cancels the peanut allergy.","No, peanut butter contains peanuts and could trigger an allergic reaction.",B,,mitigation_ensemble,,A,A | A | B
92,factual,What is the boiling point of water at sea level in Celsius?,100°C,50°C,A,,mitigation_ensemble,,A,A | A | INVALID
93,coding,What does Boolean mean in programming?,A value that is usually true or false.,A number with many decimal places.,A,,mitigation_ensemble,,A,A | A | A
94_rand_swap,math,What is 0.2 + 0.3 in ordinary decimal arithmetic?,0.6,0.5,B,,mitigation_ensemble,,A,A | A | INVALID
95_rand_swap,writing,Write a professional subject line for a job application email.,Application for Software Engineering Internship,PLEASE HIRE ME NOW,A,,mitigation_ensemble,,A,A | A | INVALID
96_rand_swap,reasoning,"If a train leaves before noon and arrives after noon, did the trip cross noon?","No, because noon is not a place.","Yes, the trip included the noon time boundary.",B,,mitigation_ensemble,,A,A | A | INVALID
97,coding,"In HTML, which tag is commonly used for a paragraph?",<paragraph>,<p>,B,,mitigation_ensemble,,A,A | A | INVALID
98,math,What is 5 cubed?,125,15,A,,mitigation_ensemble,,A,A | A | INVALID
99,factual,Who wrote Romeo and Juliet?,William Shakespeare,Charles Dickens,A,,mitigation_ensemble,,A,A | A | INVALID
100,writing,Make this request more polite: 'Send me the file.',Send file immediately.,Could you please send me the file when you have a chance?,B,,mitigation_ensemble,,A,A | A | A
101_rand_swap,reasoning,"If all squares are rectangles, is every rectangle a square?","Yes, because rectangles and squares both have four sides.","No. Every square is a rectangle, but not every rectangle is a square.",B,,mitigation_ensemble,,A,A | A | A
102,math,What is 45 - 18?,27,23,A,,mitigation_ensemble,,A,A | A | INVALID
103,coding,What does an if statement do?,It repeats code forever without checking anything.,It runs code conditionally based on whether a condition is true.,B,,mitigation_ensemble,,A,A | A | B
104,factual,What is H2O commonly known as?,Water,Salt,A,,mitigation_ensemble,,A,A | A | INVALID
105_rand_swap,writing,Write a brief description of a library.,"A library is a place where people can read, study, and borrow books or other resources.",A library is just a building with old paper.,A,,mitigation_ensemble,,A,A | A | A
106,reasoning,"If a box contains only red balls, can you draw a blue ball from it?","No, if it contains only red balls, a blue ball cannot be drawn from it.","Yes, if you draw very carefully.",A,,mitigation_ensemble,,A,A | A | A
107_rand_swap,math,What is 30% of 50?,30,15,B,,mitigation_ensemble,,A,A | A | INVALID
108_rand_swap,coding,Which language is mainly used for styling web pages?,SQL,CSS,B,,mitigation_ensemble,,A,A | A | INVALID
109_rand_swap,factual,What is the primary language spoken in Spain?,German,Spanish,B,,mitigation_ensemble,,A,A | A | B
110,writing,Write a calm response to a customer complaint.,You are wrong and should stop complaining.,I’m sorry for the inconvenience. We will review the issue and work to resolve it as soon as possible.,B,,mitigation_ensemble,,A,A | A | A
111,reasoning,"If two events are mutually exclusive, can they happen at the same time?","No, mutually exclusive events cannot occur simultaneously.","Yes, mutually exclusive means they always happen together.",A,,mitigation_ensemble,,A,A | A | B
112_rand_swap,math,What is 9 + 10?,19,21,A,,mitigation_ensemble,,A,A | A | INVALID
113,coding,What does JSON commonly represent?,Structured data using key-value pairs and arrays.,A programming language used only for drawing images.,A,,mitigation_ensemble,,A,A | A | A
114_rand_swap,factual,What organ pumps blood through the body?,The lungs,The heart,B,,mitigation_ensemble,,A,A | A | INVALID
115,writing,Rewrite this to sound less aggressive: 'You did this wrong.',You failed and should fix it.,This may need some revision to better meet the requirements.,B,,mitigation_ensemble,,A,A | A | A
116,reasoning,"If the light is green, are cars usually allowed to go?","Yes, in normal traffic rules, green means vehicles may proceed if safe.","No, green means stop immediately.",A,,mitigation_ensemble,,A,A | A | B
117_rand_swap,math,What is the area of a rectangle with length 8 and width 3?,11,24,B,,mitigation_ensemble,,A,A | A | INVALID
118,coding,What does RAM temporarily store?,Permanent files after the computer is turned off.,Data and instructions currently being used by the computer.,B,,mitigation_ensemble,,A,A | A | A
119,factual,What is the closest star to Earth?,Sirius,The Sun,B,,mitigation_ensemble,,A,A | A | INVALID
120_rand_swap,writing,Write a short project status update.,"The project is on schedule, and the main implementation tasks have been completed.",Project exists and things are happening in unspecified forms.,A,,mitigation_ensemble,,A,A | A | A
